RECTYPE,LEA,ESTAB,URN,SCHNAME,NFTYPE,FEEDER,ICLOSE,TOT_COHORT,TOT_OVERALL,TOT_APPREN,TOT_EDUCATION,TOT_FE,TOT_HE,TOT_OTHER_EDU,TOT_EMPLOYMENT,TOT_NOT_SUSTAINED,TOT_NOT_CAPTURED,TOT_OVERALLPER,TOT_APPRENPER,TOT_EDUCATIONPER,TOT_FEPER,TOT_HEPER,TOT_OTHER_EDUPER,TOT_EMPLOYMENTPER,TOT_NOT_SUSTAINEDPER,TOT_NOT_CAPTUREDPER,TOT_COHORT_DIS,TOT_OVERALL_DIS,TOT_APPREN_DIS,TOT_EDUCATION_DIS,TOT_FE_DIS,TOT_HE_DIS,TOT_OTHER_EDU_DIS,TOT_EMPLOYMENT_DIS,TOT_NOT_SUSTAINED_DIS,TOT_NOT_CAPTURED_DIS,TOT_OVERALLPER_DIS,TOT_APPRENPER_DIS,TOT_EDUCATIONPER_DIS,TOT_FEPER_DIS,TOT_HEPER_DIS,TOT_OTHER_EDUPER_DIS,TOT_EMPLOYMENTPER_DIS,TOT_NOT_SUSTAINEDPER_DIS,TOT_NOT_CAPTUREDPER_DIS,TOT_COHORT_NONDIS,TOT_OVERALL_NONDIS,TOT_APPREN_NONDIS,TOT_EDUCATION_NONDIS,TOT_FE_NONDIS,TOT_HE_NONDIS,TOT_OTHER_EDU_NONDIS,TOT_EMPLOYMENT_NONDIS,TOT_NOT_SUSTAINED_NONDIS,TOT_NOT_CAPTURED_NONDIS,TOT_OVERALLPER_NONDIS,TOT_APPRENPER_NONDIS,TOT_EDUCATIONPER_NONDIS,TOT_FEPER_NONDIS,TOT_HEPER_NONDIS,TOT_OTHER_EDUPER_NONDIS,TOT_EMPLOYMENTPER_NONDIS,TOT_NOT_SUSTAINEDPER_NONDIS,TOT_NOT_CAPTUREDPER_NONDIS,L3_COHORT,L3_OVERALL,L3_APPREN,L3_EDUCATION,L3_FE,L3_HE,L3_OTHER_EDU,L3_EMPLOYMENT,L3_NOT_SUSTAINED,L3_NOT_CAPTURED,L3_OVERALLPER,L3_APPRENPER,L3_EDUCATIONPER,L3_FEPER,L3_HEPER,L3_OTHER_EDUPER,L3_EMPLOYMENTPER,L3_NOT_SUSTAINEDPER,L3_NOT_CAPTUREDPER,L3_COHORT_DIS,L3_OVERALL_DIS,L3_APPREN_DIS,L3_EDUCATION_DIS,L3_FE_DIS,L3_HE_DIS,L3_OTHER_EDU_DIS,L3_EMPLOYMENT_DIS,L3_NOT_SUSTAINED_DIS,L3_NOT_CAPTURED_DIS,L3_OVERALLPER_DIS,L3_APPRENPER_DIS,L3_EDUCATIONPER_DIS,L3_FEPER_DIS,L3_HEPER_DIS,L3_OTHER_EDUPER_DIS,L3_EMPLOYMENTPER_DIS,L3_NOT_SUSTAINEDPER_DIS,L3_NOT_CAPTUREDPER_DIS,L3_COHORT_NONDIS,L3_OVERALL_NONDIS,L3_APPREN_NONDIS,L3_EDUCATION_NONDIS,L3_FE_NONDIS,L3_HE_NONDIS,L3_OTHER_EDU_NONDIS,L3_EMPLOYMENT_NONDIS,L3_NOT_SUSTAINED_NONDIS,L3_NOT_CAPTURED_NONDIS,L3_OVERALLPER_NONDIS,L3_APPRENPER_NONDIS,L3_EDUCATIONPER_NONDIS,L3_FEPER_NONDIS,L3_HEPER_NONDIS,L3_OTHER_EDUPER_NONDIS,L3_EMPLOYMENTPER_NONDIS,L3_NOT_SUSTAINEDPER_NONDIS,L3_NOT_CAPTUREDPER_NONDIS,L2_COHORT,L2_OVERALL,L2_APPREN,L2_EDUCATION,L2_FE,L2_HE,L2_OTHER_EDU,L2_EMPLOYMENT,L2_NOT_SUSTAINED,L2_NOT_CAPTURED,L2_OVERALLPER,L2_APPRENPER,L2_EDUCATIONPER,L2_FEPER,L2_HEPER,L2_OTHER_EDUPER,L2_EMPLOYMENTPER,L2_NOT_SUSTAINEDPER,L2_NOT_CAPTUREDPER,L2_COHORT_DIS,L2_OVERALL_DIS,L2_APPREN_DIS,L2_EDUCATION_DIS,L2_FE_DIS,L2_HE_DIS,L2_OTHER_EDU_DIS,L2_EMPLOYMENT_DIS,L2_NOT_SUSTAINED_DIS,L2_NOT_CAPTURED_DIS,L2_OVERALLPER_DIS,L2_APPRENPER_DIS,L2_EDUCATIONPER_DIS,L2_FEPER_DIS,L2_HEPER_DIS,L2_OTHER_EDUPER_DIS,L2_EMPLOYMENTPER_DIS,L2_NOT_SUSTAINEDPER_DIS,L2_NOT_CAPTUREDPER_DIS,L2_COHORT_NONDIS,L2_OVERALL_NONDIS,L2_APPREN_NONDIS,L2_EDUCATION_NONDIS,L2_FE_NONDIS,L2_HE_NONDIS,L2_OTHER_EDU_NONDIS,L2_EMPLOYMENT_NONDIS,L2_NOT_SUSTAINED_NONDIS,L2_NOT_CAPTURED_NONDIS,L2_OVERALLPER_NONDIS,L2_APPRENPER_NONDIS,L2_EDUCATIONPER_NONDIS,L2_FEPER_NONDIS,L2_HEPER_NONDIS,L2_OTHER_EDUPER_NONDIS,L2_EMPLOYMENTPER_NONDIS,L2_NOT_SUSTAINEDPER_NONDIS,L2_NOT_CAPTUREDPER_NONDIS,LALLOTH_COHORT,LALLOTH_OVERALL,LALLOTH_APPREN,LALLOTH_EDUCATION,LALLOTH_FE,LALLOTH_HE,LALLOTH_OTHER_EDU,LALLOTH_EMPLOYMENT,LALLOTH_NOT_SUSTAINED,LALLOTH_NOT_CAPTURED,LALLOTH_OVERALLPER,LALLOTH_APPRENPER,LALLOTH_EDUCATIONPER,LALLOTH_FEPER,LALLOTH_HEPER,LALLOTH_OTHER_EDUPER,LALLOTH_EMPLOYMENTPER,LALLOTH_NOT_SUSTAINEDPER,LALLOTH_NOT_CAPTUREDPER,LALLOTH_COHORT_DIS,LALLOTH_OVERALL_DIS,LALLOTH_APPREN_DIS,LALLOTH_EDUCATION_DIS,LALLOTH_FE_DIS,LALLOTH_HE_DIS,LALLOTH_OTHER_EDU_DIS,LALLOTH_EMPLOYMENT_DIS,LALLOTH_NOT_SUSTAINED_DIS,LALLOTH_NOT_CAPTURED_DIS,LALLOTH_OVERALLPER_DIS,LALLOTH_APPRENPER_DIS,LALLOTH_EDUCATIONPER_DIS,LALLOTH_FEPER_DIS,LALLOTH_HEPER_DIS,LALLOTH_OTHER_EDUPER_DIS,LALLOTH_EMPLOYMENTPER_DIS,LALLOTH_NOT_SUSTAINEDPER_DIS,LALLOTH_NOT_CAPTUREDPER_DIS,LALLOTH_COHORT_NONDIS,LALLOTH_OVERALL_NONDIS,LALLOTH_APPREN_NONDIS,LALLOTH_EDUCATION_NONDIS,LALLOTH_FE_NONDIS,LALLOTH_HE_NONDIS,LALLOTH_OTHER_EDU_NONDIS,LALLOTH_EMPLOYMENT_NONDIS,LALLOTH_NOT_SUSTAINED_NONDIS,LALLOTH_NOT_CAPTURED_NONDIS,LALLOTH_OVERALLPER_NONDIS,LALLOTH_APPRENPER_NONDIS,LALLOTH_EDUCATIONPER_NONDIS,LALLOTH_FEPER_NONDIS,LALLOTH_HEPER_NONDIS,LALLOTH_OTHER_EDUPER_NONDIS,LALLOTH_EMPLOYMENTPER_NONDIS,LALLOTH_NOT_SUSTAINEDPER_NONDIS,LALLOTH_NOT_CAPTUREDPER_NONDIS
1,919,4000,117499,The Priory School,FD,0,0,89,82,5,61,3,52,6,16,3,4,92%,6%,69%,3%,58%,7%,18%,3%,4%,8,7,SUPP,6,SUPP,5,SUPP,SUPP,SUPP,SUPP,88%,SUPP,75%,SUPP,63%,SUPP,SUPP,SUPP,SUPP,81,75,SUPP,55,SUPP,47,SUPP,SUPP,SUPP,SUPP,93%,SUPP,68%,SUPP,58%,SUPP,SUPP,SUPP,SUPP,87,80,5,61,3,52,6,14,3,4,92%,6%,70%,3%,60%,7%,16%,3%,5%,SUPP,SUPP,SUPP,SUPP,SUPP,SUPP,SUPP,SUPP,SUPP,SUPP,SUPP,SUPP,SUPP,SUPP,SUPP,SUPP,SUPP,SUPP,SUPP,SUPP,SUPP,SUPP,SUPP,SUPP,SUPP,SUPP,SUPP,SUPP,SUPP,SUPP,SUPP,SUPP,SUPP,SUPP,SUPP,SUPP,SUPP,SUPP,1,SUPP,SUPP,SUPP,SUPP,SUPP,SUPP,SUPP,SUPP,SUPP,SUPP,SUPP,SUPP,SUPP,SUPP,SUPP,SUPP,SUPP,SUPP,SUPP,SUPP,SUPP,SUPP,SUPP,SUPP,SUPP,SUPP,SUPP,SUPP,SUPP,SUPP,SUPP,SUPP,SUPP,SUPP,SUPP,SUPP,SUPP,SUPP,SUPP,SUPP,SUPP,SUPP,SUPP,SUPP,SUPP,SUPP,SUPP,SUPP,SUPP,SUPP,SUPP,SUPP,SUPP,SUPP,SUPP,SUPP,1,SUPP,SUPP,SUPP,SUPP,SUPP,SUPP,SUPP,SUPP,SUPP,SUPP,SUPP,SUPP,SUPP,SUPP,SUPP,SUPP,SUPP,SUPP,SUPP,SUPP,SUPP,SUPP,SUPP,SUPP,SUPP,SUPP,SUPP,SUPP,SUPP,SUPP,SUPP,SUPP,SUPP,SUPP,SUPP,SUPP,SUPP,SUPP,SUPP,SUPP,SUPP,SUPP,SUPP,SUPP,SUPP,SUPP,SUPP,SUPP,SUPP,SUPP,SUPP,SUPP,SUPP,SUPP,SUPP,SUPP
1,919,4001,138747,Hertswood Academy,ACC,0,0,85,75,4,49,0,47,2,22,9,1,88%,5%,58%,0%,55%,2%,26%,11%,1%,23,18,2,8,0,SUPP,SUPP,8,SUPP,SUPP,78%,9%,35%,0%,SUPP,SUPP,35%,SUPP,SUPP,62,57,2,41,0,SUPP,SUPP,14,SUPP,SUPP,92%,3%,66%,0%,SUPP,SUPP,23%,SUPP,SUPP,74,67,2,47,0,47,0,18,6,1,91%,3%,64%,0%,64%,0%,24%,8%,1%,17,14,SUPP,SUPP,0,SUPP,0,SUPP,SUPP,SUPP,82%,SUPP,SUPP,0%,SUPP,0%,SUPP,SUPP,SUPP,57,53,SUPP,SUPP,0,SUPP,0,SUPP,SUPP,SUPP,93%,SUPP,SUPP,0%,SUPP,0%,SUPP,SUPP,SUPP,7,5,1,1,0,0,1,3,2,0,71%,14%,14%,0%,0%,14%,43%,29%,0%,5,SUPP,SUPP,SUPP,0,0,SUPP,SUPP,SUPP,0,SUPP,SUPP,SUPP,0%,0%,SUPP,SUPP,SUPP,0%,2,SUPP,SUPP,SUPP,0,0,SUPP,SUPP,SUPP,0,SUPP,SUPP,SUPP,0%,0%,SUPP,SUPP,SUPP,0%,4,SUPP,SUPP,SUPP,SUPP,SUPP,SUPP,SUPP,SUPP,SUPP,SUPP,SUPP,SUPP,SUPP,SUPP,SUPP,SUPP,SUPP,SUPP,1,SUPP,SUPP,SUPP,SUPP,SUPP,SUPP,SUPP,SUPP,SUPP,SUPP,SUPP,SUPP,SUPP,SUPP,SUPP,SUPP,SUPP,SUPP,3,SUPP,SUPP,SUPP,SUPP,SUPP,SUPP,SUPP,SUPP,SUPP,SUPP,SUPP,SUPP,SUPP,SUPP,SUPP,SUPP,SUPP,SUPP
1,919,4003,138582,Samuel Ryder Academy,AC,0,0,12,11,0,10,0,10,0,1,1,0,92%,0%,83%,0%,83%,0%,8%,8%,0%,5,SUPP,0,SUPP,0,SUPP,0,SUPP,SUPP,0,SUPP,0%,SUPP,0%,SUPP,0%,SUPP,SUPP,0%,7,SUPP,0,SUPP,0,SUPP,0,SUPP,SUPP,0,SUPP,0%,SUPP,0%,SUPP,0%,SUPP,SUPP,0%,12,11,0,10,0,10,0,1,1,0,92%,0%,83%,0%,83%,0%,8%,8%,0%,5,SUPP,0,SUPP,0,SUPP,0,SUPP,SUPP,0,SUPP,0%,SUPP,0%,SUPP,0%,SUPP,SUPP,0%,7,SUPP,0,SUPP,0,SUPP,0,SUPP,SUPP,0,SUPP,0%,SUPP,0%,SUPP,0%,SUPP,SUPP,0%,NA,NA,NA,NA,NA,NA,NA,NA,NA,NA,NA,NA,NA,NA,NA,NA,NA,NA,NA,NA,NA,NA,NA,NA,NA,NA,NA,NA,NA,NA,NA,NA,NA,NA,NA,NA,NA,NA,NA,NA,NA,NA,NA,NA,NA,NA,NA,NA,NA,NA,NA,NA,NA,NA,NA,NA,NA,NA,NA,NA,NA,NA,NA,NA,NA,NA,NA,NA,NA,NA,NA,NA,NA,NA,NA,NA,NA,NA,NA,NA,NA,NA,NA,NA,NA,NA,NA,NA,NA,NA,NA,NA,NA,NA,NA,NA,NA,NA,NA,NA,NA,NA,NA,NA,NA,NA,NA,NA,NA,NA,NA,NA,NA,NA
1,919,4004,139416,Elstree Screen Arts Academy,UTC,0,0,97,73,4,53,4,39,10,16,18,6,75%,4%,55%,4%,40%,10%,16%,19%,6%,17,12,1,8,0,7,1,3,SUPP,SUPP,71%,6%,47%,0%,41%,6%,18%,SUPP,SUPP,80,61,3,45,4,32,9,13,SUPP,SUPP,76%,4%,56%,5%,40%,11%,16%,SUPP,SUPP,87,65,1,51,4,39,8,13,16,6,75%,1%,59%,5%,45%,9%,15%,18%,7%,15,11,SUPP,SUPP,0,7,SUPP,SUPP,SUPP,SUPP,73%,SUPP,SUPP,0%,47%,SUPP,SUPP,SUPP,SUPP,72,54,SUPP,SUPP,4,32,SUPP,SUPP,SUPP,SUPP,75%,SUPP,SUPP,6%,44%,SUPP,SUPP,SUPP,SUPP,5,SUPP,SUPP,SUPP,SUPP,SUPP,SUPP,SUPP,SUPP,SUPP,SUPP,SUPP,SUPP,SUPP,SUPP,SUPP,SUPP,SUPP,SUPP,1,SUPP,SUPP,SUPP,SUPP,SUPP,SUPP,SUPP,SUPP,SUPP,SUPP,SUPP,SUPP,SUPP,SUPP,SUPP,SUPP,SUPP,SUPP,4,SUPP,SUPP,SUPP,SUPP,SUPP,SUPP,SUPP,SUPP,SUPP,SUPP,SUPP,SUPP,SUPP,SUPP,SUPP,SUPP,SUPP,SUPP,5,SUPP,SUPP,SUPP,SUPP,SUPP,SUPP,SUPP,SUPP,SUPP,SUPP,SUPP,SUPP,SUPP,SUPP,SUPP,SUPP,SUPP,SUPP,1,SUPP,SUPP,SUPP,SUPP,SUPP,SUPP,SUPP,SUPP,SUPP,SUPP,SUPP,SUPP,SUPP,SUPP,SUPP,SUPP,SUPP,SUPP,4,SUPP,SUPP,SUPP,SUPP,SUPP,SUPP,SUPP,SUPP,SUPP,SUPP,SUPP,SUPP,SUPP,SUPP,SUPP,SUPP,SUPP,SUPP
1,919,4005,117500,The Hemel Hempstead School,FD,0,0,109,96,8,71,3,66,2,17,11,2,88%,7%,65%,3%,61%,2%,16%,10%,2%,12,10,2,7,0,7,0,1,2,0,83%,17%,58%,0%,58%,0%,8%,17%,0%,97,86,6,64,3,59,2,16,9,2,89%,6%,66%,3%,61%,2%,16%,9%,2%,105,92,6,71,3,66,2,15,11,2,88%,6%,68%,3%,63%,2%,14%,10%,2%,11,9,SUPP,7,0,7,0,SUPP,2,0,82%,SUPP,64%,0%,64%,0%,SUPP,18%,0%,94,83,SUPP,64,3,59,2,SUPP,9,2,88%,SUPP,68%,3%,63%,2%,SUPP,10%,2%,NA,NA,NA,NA,NA,NA,NA,NA,NA,NA,NA,NA,NA,NA,NA,NA,NA,NA,NA,NA,NA,NA,NA,NA,NA,NA,NA,NA,NA,NA,NA,NA,NA,NA,NA,NA,NA,NA,NA,NA,NA,NA,NA,NA,NA,NA,NA,NA,NA,NA,NA,NA,NA,NA,NA,NA,NA,4,SUPP,SUPP,SUPP,SUPP,SUPP,SUPP,SUPP,SUPP,SUPP,SUPP,SUPP,SUPP,SUPP,SUPP,SUPP,SUPP,SUPP,SUPP,1,SUPP,SUPP,SUPP,SUPP,SUPP,SUPP,SUPP,SUPP,SUPP,SUPP,SUPP,SUPP,SUPP,SUPP,SUPP,SUPP,SUPP,SUPP,3,SUPP,SUPP,SUPP,SUPP,SUPP,SUPP,SUPP,SUPP,SUPP,SUPP,SUPP,SUPP,SUPP,SUPP,SUPP,SUPP,SUPP,SUPP
1,919,4006,139873,Richard Hale School,ACC,0,0,139,124,7,91,4,86,1,26,11,4,89%,5%,65%,3%,62%,1%,19%,8%,3%,5,SUPP,SUPP,SUPP,SUPP,SUPP,SUPP,SUPP,SUPP,SUPP,SUPP,SUPP,SUPP,SUPP,SUPP,SUPP,SUPP,SUPP,SUPP,134,120,7,89,4,SUPP,SUPP,24,SUPP,SUPP,90%,5%,66%,3%,SUPP,SUPP,18%,SUPP,SUPP,135,122,7,90,4,86,0,25,10,3,90%,5%,67%,3%,64%,0%,19%,7%,2%,4,SUPP,SUPP,SUPP,SUPP,SUPP,0,SUPP,SUPP,SUPP,SUPP,SUPP,SUPP,SUPP,SUPP,0%,SUPP,SUPP,SUPP,131,SUPP,7,SUPP,4,SUPP,0,SUPP,SUPP,3,SUPP,5%,SUPP,3%,SUPP,0%,SUPP,SUPP,2%,NA,NA,NA,NA,NA,NA,NA,NA,NA,NA,NA,NA,NA,NA,NA,NA,NA,NA,NA,NA,NA,NA,NA,NA,NA,NA,NA,NA,NA,NA,NA,NA,NA,NA,NA,NA,NA,NA,NA,NA,NA,NA,NA,NA,NA,NA,NA,NA,NA,NA,NA,NA,NA,NA,NA,NA,NA,4,SUPP,SUPP,SUPP,SUPP,SUPP,SUPP,SUPP,SUPP,SUPP,SUPP,SUPP,SUPP,SUPP,SUPP,SUPP,SUPP,SUPP,SUPP,1,SUPP,SUPP,SUPP,SUPP,SUPP,SUPP,SUPP,SUPP,SUPP,SUPP,SUPP,SUPP,SUPP,SUPP,SUPP,SUPP,SUPP,SUPP,3,SUPP,SUPP,SUPP,SUPP,SUPP,SUPP,SUPP,SUPP,SUPP,SUPP,SUPP,SUPP,SUPP,SUPP,SUPP,SUPP,SUPP,SUPP
1,919,4007,139662,The Reach Free School,F,0,0,21,21,0,17,0,17,0,4,0,0,100%,0%,81%,0%,81%,0%,19%,0%,0%,3,SUPP,0,SUPP,0,SUPP,0,SUPP,0,0,SUPP,0%,SUPP,0%,SUPP,0%,SUPP,0%,0%,18,18,0,14,0,14,0,4,0,0,100%,0%,78%,0%,78%,0%,22%,0%,0%,21,21,0,17,0,17,0,4,0,0,100%,0%,81%,0%,81%,0%,19%,0%,0%,3,SUPP,0,SUPP,0,SUPP,0,SUPP,0,0,SUPP,0%,SUPP,0%,SUPP,0%,SUPP,0%,0%,18,18,0,14,0,14,0,4,0,0,100%,0%,78%,0%,78%,0%,22%,0%,0%,NA,NA,NA,NA,NA,NA,NA,NA,NA,NA,NA,NA,NA,NA,NA,NA,NA,NA,NA,NA,NA,NA,NA,NA,NA,NA,NA,NA,NA,NA,NA,NA,NA,NA,NA,NA,NA,NA,NA,NA,NA,NA,NA,NA,NA,NA,NA,NA,NA,NA,NA,NA,NA,NA,NA,NA,NA,NA,NA,NA,NA,NA,NA,NA,NA,NA,NA,NA,NA,NA,NA,NA,NA,NA,NA,NA,NA,NA,NA,NA,NA,NA,NA,NA,NA,NA,NA,NA,NA,NA,NA,NA,NA,NA,NA,NA,NA,NA,NA,NA,NA,NA,NA,NA,NA,NA,NA,NA,NA,NA,NA,NA,NA,NA
1,919,4008,139154,Hitchin Boys' School,ACC,0,0,114,107,0,76,1,73,2,31,6,1,94%,0%,67%,1%,64%,2%,27%,5%,1%,9,8,0,6,SUPP,SUPP,SUPP,2,SUPP,SUPP,89%,0%,67%,SUPP,SUPP,SUPP,22%,SUPP,SUPP,105,99,0,70,SUPP,SUPP,SUPP,29,SUPP,SUPP,94%,0%,67%,SUPP,SUPP,SUPP,28%,SUPP,SUPP,113,106,0,76,1,73,2,30,6,1,94%,0%,67%,1%,65%,2%,27%,5%,1%,SUPP,SUPP,SUPP,SUPP,SUPP,SUPP,SUPP,SUPP,SUPP,SUPP,SUPP,SUPP,SUPP,SUPP,SUPP,SUPP,SUPP,SUPP,SUPP,SUPP,SUPP,SUPP,SUPP,SUPP,SUPP,SUPP,SUPP,SUPP,SUPP,SUPP,SUPP,SUPP,SUPP,SUPP,SUPP,SUPP,SUPP,SUPP,1,SUPP,SUPP,SUPP,SUPP,SUPP,SUPP,SUPP,SUPP,SUPP,SUPP,SUPP,SUPP,SUPP,SUPP,SUPP,SUPP,SUPP,SUPP,SUPP,SUPP,SUPP,SUPP,SUPP,SUPP,SUPP,SUPP,SUPP,SUPP,SUPP,SUPP,SUPP,SUPP,SUPP,SUPP,SUPP,SUPP,SUPP,SUPP,SUPP,SUPP,SUPP,SUPP,SUPP,SUPP,SUPP,SUPP,SUPP,SUPP,SUPP,SUPP,SUPP,SUPP,SUPP,SUPP,SUPP,SUPP,NA,NA,NA,NA,NA,NA,NA,NA,NA,NA,NA,NA,NA,NA,NA,NA,NA,NA,NA,NA,NA,NA,NA,NA,NA,NA,NA,NA,NA,NA,NA,NA,NA,NA,NA,NA,NA,NA,NA,NA,NA,NA,NA,NA,NA,NA,NA,NA,NA,NA,NA,NA,NA,NA,NA,NA,NA
1,919,4009,137288,Hitchin Girls' School,ACC,0,0,127,121,3,100,2,94,4,18,2,4,95%,2%,79%,2%,74%,3%,14%,2%,3%,12,SUPP,SUPP,11,SUPP,9,SUPP,SUPP,SUPP,SUPP,SUPP,SUPP,92%,SUPP,75%,SUPP,SUPP,SUPP,SUPP,115,SUPP,SUPP,89,SUPP,85,SUPP,SUPP,SUPP,SUPP,SUPP,SUPP,77%,SUPP,74%,SUPP,SUPP,SUPP,SUPP,124,118,3,99,2,94,3,16,2,4,95%,2%,80%,2%,76%,2%,13%,2%,3%,SUPP,SUPP,SUPP,SUPP,SUPP,SUPP,SUPP,SUPP,SUPP,SUPP,SUPP,SUPP,SUPP,SUPP,SUPP,SUPP,SUPP,SUPP,SUPP,SUPP,SUPP,SUPP,SUPP,SUPP,SUPP,SUPP,SUPP,SUPP,SUPP,SUPP,SUPP,SUPP,SUPP,SUPP,SUPP,SUPP,SUPP,SUPP,NA,NA,NA,NA,NA,NA,NA,NA,NA,NA,NA,NA,NA,NA,NA,NA,NA,NA,NA,NA,NA,NA,NA,NA,NA,NA,NA,NA,NA,NA,NA,NA,NA,NA,NA,NA,NA,NA,NA,NA,NA,NA,NA,NA,NA,NA,NA,NA,NA,NA,NA,NA,NA,NA,NA,NA,NA,3,SUPP,SUPP,SUPP,SUPP,SUPP,SUPP,SUPP,SUPP,SUPP,SUPP,SUPP,SUPP,SUPP,SUPP,SUPP,SUPP,SUPP,SUPP,SUPP,SUPP,SUPP,SUPP,SUPP,SUPP,SUPP,SUPP,SUPP,SUPP,SUPP,SUPP,SUPP,SUPP,SUPP,SUPP,SUPP,SUPP,SUPP,SUPP,SUPP,SUPP,SUPP,SUPP,SUPP,SUPP,SUPP,SUPP,SUPP,SUPP,SUPP,SUPP,SUPP,SUPP,SUPP,SUPP,SUPP,SUPP
1,919,4010,117504,Fearnhill School,FD,0,0,24,19,1,10,0,10,0,8,4,1,79%,4%,42%,0%,42%,0%,33%,17%,4%,5,SUPP,SUPP,SUPP,0,SUPP,0,SUPP,SUPP,SUPP,SUPP,SUPP,SUPP,0%,SUPP,0%,SUPP,SUPP,SUPP,19,15,SUPP,8,0,8,0,SUPP,SUPP,SUPP,79%,SUPP,42%,0%,42%,0%,SUPP,SUPP,SUPP,17,15,0,10,0,10,0,5,2,0,88%,0%,59%,0%,59%,0%,29%,12%,0%,3,SUPP,0,SUPP,0,SUPP,0,SUPP,SUPP,0,SUPP,0%,SUPP,0%,SUPP,0%,SUPP,SUPP,0%,14,12,0,8,0,SUPP,0,4,2,0,86%,0%,57%,0%,SUPP,0%,29%,14%,0%,6,3,1,0,0,0,0,2,2,1,50%,17%,0%,0%,0%,0%,33%,33%,17%,SUPP,SUPP,SUPP,SUPP,SUPP,SUPP,SUPP,SUPP,SUPP,SUPP,SUPP,SUPP,SUPP,SUPP,SUPP,SUPP,SUPP,SUPP,SUPP,SUPP,SUPP,SUPP,SUPP,SUPP,SUPP,SUPP,SUPP,SUPP,SUPP,SUPP,SUPP,SUPP,SUPP,SUPP,SUPP,SUPP,SUPP,SUPP,1,SUPP,SUPP,SUPP,SUPP,SUPP,SUPP,SUPP,SUPP,SUPP,SUPP,SUPP,SUPP,SUPP,SUPP,SUPP,SUPP,SUPP,SUPP,SUPP,SUPP,SUPP,SUPP,SUPP,SUPP,SUPP,SUPP,SUPP,SUPP,SUPP,SUPP,SUPP,SUPP,SUPP,SUPP,SUPP,SUPP,SUPP,SUPP,SUPP,SUPP,SUPP,SUPP,SUPP,SUPP,SUPP,SUPP,SUPP,SUPP,SUPP,SUPP,SUPP,SUPP,SUPP,SUPP,SUPP,SUPP
1,919,4011,137038,Verulam School,ACC,0,0,106,97,1,81,2,76,3,15,4,5,92%,1%,76%,2%,72%,3%,14%,4%,5%,12,11,SUPP,10,SUPP,SUPP,SUPP,SUPP,SUPP,SUPP,92%,SUPP,83%,SUPP,SUPP,SUPP,SUPP,SUPP,SUPP,94,86,SUPP,71,SUPP,SUPP,SUPP,SUPP,SUPP,SUPP,91%,SUPP,76%,SUPP,SUPP,SUPP,SUPP,SUPP,SUPP,104,97,1,81,2,76,3,15,3,4,93%,1%,78%,2%,73%,3%,14%,3%,4%,SUPP,SUPP,SUPP,SUPP,SUPP,SUPP,SUPP,SUPP,SUPP,SUPP,SUPP,SUPP,SUPP,SUPP,SUPP,SUPP,SUPP,SUPP,SUPP,SUPP,SUPP,SUPP,SUPP,SUPP,SUPP,SUPP,SUPP,SUPP,SUPP,SUPP,SUPP,SUPP,SUPP,SUPP,SUPP,SUPP,SUPP,SUPP,NA,NA,NA,NA,NA,NA,NA,NA,NA,NA,NA,NA,NA,NA,NA,NA,NA,NA,NA,NA,NA,NA,NA,NA,NA,NA,NA,NA,NA,NA,NA,NA,NA,NA,NA,NA,NA,NA,NA,NA,NA,NA,NA,NA,NA,NA,NA,NA,NA,NA,NA,NA,NA,NA,NA,NA,NA,2,SUPP,SUPP,SUPP,SUPP,SUPP,SUPP,SUPP,SUPP,SUPP,SUPP,SUPP,SUPP,SUPP,SUPP,SUPP,SUPP,SUPP,SUPP,SUPP,SUPP,SUPP,SUPP,SUPP,SUPP,SUPP,SUPP,SUPP,SUPP,SUPP,SUPP,SUPP,SUPP,SUPP,SUPP,SUPP,SUPP,SUPP,SUPP,SUPP,SUPP,SUPP,SUPP,SUPP,SUPP,SUPP,SUPP,SUPP,SUPP,SUPP,SUPP,SUPP,SUPP,SUPP,SUPP,SUPP,SUPP
1,919,4013,137985,Presdales School,ACC,0,0,120,111,0,98,6,90,2,13,8,1,93%,0%,82%,5%,75%,2%,11%,7%,1%,7,SUPP,0,6,SUPP,5,SUPP,SUPP,SUPP,SUPP,SUPP,0%,86%,SUPP,71%,SUPP,SUPP,SUPP,SUPP,113,SUPP,0,92,SUPP,85,SUPP,SUPP,SUPP,SUPP,SUPP,0%,81%,SUPP,75%,SUPP,SUPP,SUPP,SUPP,117,108,0,97,6,90,1,11,8,1,92%,0%,83%,5%,77%,1%,9%,7%,1%,SUPP,SUPP,SUPP,SUPP,SUPP,SUPP,SUPP,SUPP,SUPP,SUPP,SUPP,SUPP,SUPP,SUPP,SUPP,SUPP,SUPP,SUPP,SUPP,SUPP,SUPP,SUPP,SUPP,SUPP,SUPP,SUPP,SUPP,SUPP,SUPP,SUPP,SUPP,SUPP,SUPP,SUPP,SUPP,SUPP,SUPP,SUPP,NA,NA,NA,NA,NA,NA,NA,NA,NA,NA,NA,NA,NA,NA,NA,NA,NA,NA,NA,NA,NA,NA,NA,NA,NA,NA,NA,NA,NA,NA,NA,NA,NA,NA,NA,NA,NA,NA,NA,NA,NA,NA,NA,NA,NA,NA,NA,NA,NA,NA,NA,NA,NA,NA,NA,NA,NA,3,SUPP,SUPP,SUPP,SUPP,SUPP,SUPP,SUPP,SUPP,SUPP,SUPP,SUPP,SUPP,SUPP,SUPP,SUPP,SUPP,SUPP,SUPP,SUPP,SUPP,SUPP,SUPP,SUPP,SUPP,SUPP,SUPP,SUPP,SUPP,SUPP,SUPP,SUPP,SUPP,SUPP,SUPP,SUPP,SUPP,SUPP,SUPP,SUPP,SUPP,SUPP,SUPP,SUPP,SUPP,SUPP,SUPP,SUPP,SUPP,SUPP,SUPP,SUPP,SUPP,SUPP,SUPP,SUPP,SUPP
1,919,4014,137847,Stanborough School,ACC,0,0,64,54,1,43,1,40,2,10,8,2,84%,2%,67%,2%,63%,3%,16%,13%,3%,4,SUPP,SUPP,SUPP,SUPP,SUPP,SUPP,SUPP,SUPP,SUPP,SUPP,SUPP,SUPP,SUPP,SUPP,SUPP,SUPP,SUPP,SUPP,60,51,SUPP,SUPP,SUPP,SUPP,SUPP,SUPP,SUPP,SUPP,85%,SUPP,SUPP,SUPP,SUPP,SUPP,SUPP,SUPP,SUPP,60,52,1,42,1,40,1,9,7,1,87%,2%,70%,2%,67%,2%,15%,12%,2%,SUPP,SUPP,SUPP,SUPP,SUPP,SUPP,SUPP,SUPP,SUPP,SUPP,SUPP,SUPP,SUPP,SUPP,SUPP,SUPP,SUPP,SUPP,SUPP,SUPP,SUPP,SUPP,SUPP,SUPP,SUPP,SUPP,SUPP,SUPP,SUPP,SUPP,SUPP,SUPP,SUPP,SUPP,SUPP,SUPP,SUPP,SUPP,1,SUPP,SUPP,SUPP,SUPP,SUPP,SUPP,SUPP,SUPP,SUPP,SUPP,SUPP,SUPP,SUPP,SUPP,SUPP,SUPP,SUPP,SUPP,SUPP,SUPP,SUPP,SUPP,SUPP,SUPP,SUPP,SUPP,SUPP,SUPP,SUPP,SUPP,SUPP,SUPP,SUPP,SUPP,SUPP,SUPP,SUPP,SUPP,SUPP,SUPP,SUPP,SUPP,SUPP,SUPP,SUPP,SUPP,SUPP,SUPP,SUPP,SUPP,SUPP,SUPP,SUPP,SUPP,SUPP,SUPP,3,SUPP,SUPP,SUPP,SUPP,SUPP,SUPP,SUPP,SUPP,SUPP,SUPP,SUPP,SUPP,SUPP,SUPP,SUPP,SUPP,SUPP,SUPP,SUPP,SUPP,SUPP,SUPP,SUPP,SUPP,SUPP,SUPP,SUPP,SUPP,SUPP,SUPP,SUPP,SUPP,SUPP,SUPP,SUPP,SUPP,SUPP,SUPP,SUPP,SUPP,SUPP,SUPP,SUPP,SUPP,SUPP,SUPP,SUPP,SUPP,SUPP,SUPP,SUPP,SUPP,SUPP,SUPP,SUPP,SUPP
1,919,4016,136608,The Knights Templar School,ACC,0,0,168,148,8,97,2,93,2,43,12,8,88%,5%,58%,1%,55%,1%,26%,7%,5%,22,19,1,13,SUPP,12,SUPP,5,2,1,86%,5%,59%,SUPP,55%,SUPP,23%,9%,5%,146,129,7,84,SUPP,81,SUPP,38,10,7,88%,5%,58%,SUPP,55%,SUPP,26%,7%,5%,166,146,7,97,2,93,2,42,12,8,88%,4%,58%,1%,56%,1%,25%,7%,5%,SUPP,SUPP,SUPP,SUPP,SUPP,SUPP,SUPP,SUPP,SUPP,SUPP,SUPP,SUPP,SUPP,SUPP,SUPP,SUPP,SUPP,SUPP,SUPP,SUPP,SUPP,SUPP,SUPP,SUPP,SUPP,SUPP,SUPP,SUPP,SUPP,SUPP,SUPP,SUPP,SUPP,SUPP,SUPP,SUPP,SUPP,SUPP,2,SUPP,SUPP,SUPP,SUPP,SUPP,SUPP,SUPP,SUPP,SUPP,SUPP,SUPP,SUPP,SUPP,SUPP,SUPP,SUPP,SUPP,SUPP,SUPP,SUPP,SUPP,SUPP,SUPP,SUPP,SUPP,SUPP,SUPP,SUPP,SUPP,SUPP,SUPP,SUPP,SUPP,SUPP,SUPP,SUPP,SUPP,SUPP,SUPP,SUPP,SUPP,SUPP,SUPP,SUPP,SUPP,SUPP,SUPP,SUPP,SUPP,SUPP,SUPP,SUPP,SUPP,SUPP,SUPP,SUPP,NA,NA,NA,NA,NA,NA,NA,NA,NA,NA,NA,NA,NA,NA,NA,NA,NA,NA,NA,NA,NA,NA,NA,NA,NA,NA,NA,NA,NA,NA,NA,NA,NA,NA,NA,NA,NA,NA,NA,NA,NA,NA,NA,NA,NA,NA,NA,NA,NA,NA,NA,NA,NA,NA,NA,NA,NA
1,919,4017,140037,The Thomas Alleyne Academy,AC,0,0,36,33,4,15,2,13,0,14,3,0,92%,11%,42%,6%,36%,0%,39%,8%,0%,8,SUPP,SUPP,1,SUPP,SUPP,0,6,SUPP,0,SUPP,SUPP,13%,SUPP,SUPP,0%,75%,SUPP,0%,28,SUPP,SUPP,14,SUPP,SUPP,0,8,SUPP,0,SUPP,SUPP,50%,SUPP,SUPP,0%,29%,SUPP,0%,32,29,3,15,2,13,0,11,3,0,91%,9%,47%,6%,41%,0%,34%,9%,0%,SUPP,SUPP,SUPP,SUPP,SUPP,SUPP,SUPP,SUPP,SUPP,SUPP,SUPP,SUPP,SUPP,SUPP,SUPP,SUPP,SUPP,SUPP,SUPP,SUPP,SUPP,SUPP,SUPP,SUPP,SUPP,SUPP,SUPP,SUPP,SUPP,SUPP,SUPP,SUPP,SUPP,SUPP,SUPP,SUPP,SUPP,SUPP,NA,NA,NA,NA,NA,NA,NA,NA,NA,NA,NA,NA,NA,NA,NA,NA,NA,NA,NA,NA,NA,NA,NA,NA,NA,NA,NA,NA,NA,NA,NA,NA,NA,NA,NA,NA,NA,NA,NA,NA,NA,NA,NA,NA,NA,NA,NA,NA,NA,NA,NA,NA,NA,NA,NA,NA,NA,4,SUPP,SUPP,SUPP,SUPP,SUPP,SUPP,SUPP,SUPP,SUPP,SUPP,SUPP,SUPP,SUPP,SUPP,SUPP,SUPP,SUPP,SUPP,SUPP,SUPP,SUPP,SUPP,SUPP,SUPP,SUPP,SUPP,SUPP,SUPP,SUPP,SUPP,SUPP,SUPP,SUPP,SUPP,SUPP,SUPP,SUPP,SUPP,SUPP,SUPP,SUPP,SUPP,SUPP,SUPP,SUPP,SUPP,SUPP,SUPP,SUPP,SUPP,SUPP,SUPP,SUPP,SUPP,SUPP,SUPP
1,919,4021,141004,The Watford UTC,UTC,0,0,34,19,2,13,0,12,1,4,10,5,56%,6%,38%,0%,35%,3%,12%,29%,15%,4,SUPP,SUPP,SUPP,0,SUPP,SUPP,SUPP,SUPP,SUPP,SUPP,SUPP,SUPP,0%,SUPP,SUPP,SUPP,SUPP,SUPP,30,17,SUPP,SUPP,0,SUPP,SUPP,SUPP,SUPP,SUPP,57%,SUPP,SUPP,0%,SUPP,SUPP,SUPP,SUPP,SUPP,33,18,2,13,0,12,1,3,10,5,55%,6%,39%,0%,36%,3%,9%,30%,15%,SUPP,SUPP,SUPP,SUPP,SUPP,SUPP,SUPP,SUPP,SUPP,SUPP,SUPP,SUPP,SUPP,SUPP,SUPP,SUPP,SUPP,SUPP,SUPP,SUPP,SUPP,SUPP,SUPP,SUPP,SUPP,SUPP,SUPP,SUPP,SUPP,SUPP,SUPP,SUPP,SUPP,SUPP,SUPP,SUPP,SUPP,SUPP,1,SUPP,SUPP,SUPP,SUPP,SUPP,SUPP,SUPP,SUPP,SUPP,SUPP,SUPP,SUPP,SUPP,SUPP,SUPP,SUPP,SUPP,SUPP,SUPP,SUPP,SUPP,SUPP,SUPP,SUPP,SUPP,SUPP,SUPP,SUPP,SUPP,SUPP,SUPP,SUPP,SUPP,SUPP,SUPP,SUPP,SUPP,SUPP,SUPP,SUPP,SUPP,SUPP,SUPP,SUPP,SUPP,SUPP,SUPP,SUPP,SUPP,SUPP,SUPP,SUPP,SUPP,SUPP,SUPP,SUPP,NA,NA,NA,NA,NA,NA,NA,NA,NA,NA,NA,NA,NA,NA,NA,NA,NA,NA,NA,NA,NA,NA,NA,NA,NA,NA,NA,NA,NA,NA,NA,NA,NA,NA,NA,NA,NA,NA,NA,NA,NA,NA,NA,NA,NA,NA,NA,NA,NA,NA,NA,NA,NA,NA,NA,NA,NA
1,919,4022,142051,Haileybury Turnford,AC,0,0,95,75,6,43,3,28,12,26,18,2,79%,6%,45%,3%,29%,13%,27%,19%,2%,25,16,3,7,1,4,2,6,SUPP,SUPP,64%,12%,28%,4%,16%,8%,24%,SUPP,SUPP,70,59,3,36,2,24,10,20,SUPP,SUPP,84%,4%,51%,3%,34%,14%,29%,SUPP,SUPP,89,73,5,42,2,28,12,26,15,1,82%,6%,47%,2%,31%,13%,29%,17%,1%,20,SUPP,SUPP,SUPP,SUPP,SUPP,SUPP,SUPP,SUPP,SUPP,SUPP,SUPP,SUPP,SUPP,SUPP,SUPP,SUPP,SUPP,SUPP,69,SUPP,SUPP,SUPP,SUPP,SUPP,SUPP,SUPP,SUPP,SUPP,SUPP,SUPP,SUPP,SUPP,SUPP,SUPP,SUPP,SUPP,SUPP,5,SUPP,SUPP,SUPP,SUPP,SUPP,SUPP,SUPP,SUPP,SUPP,SUPP,SUPP,SUPP,SUPP,SUPP,SUPP,SUPP,SUPP,SUPP,SUPP,SUPP,SUPP,SUPP,SUPP,SUPP,SUPP,SUPP,SUPP,SUPP,SUPP,SUPP,SUPP,SUPP,SUPP,SUPP,SUPP,SUPP,SUPP,SUPP,SUPP,SUPP,SUPP,SUPP,SUPP,SUPP,SUPP,SUPP,SUPP,SUPP,SUPP,SUPP,SUPP,SUPP,SUPP,SUPP,SUPP,SUPP,1,SUPP,SUPP,SUPP,SUPP,SUPP,SUPP,SUPP,SUPP,SUPP,SUPP,SUPP,SUPP,SUPP,SUPP,SUPP,SUPP,SUPP,SUPP,SUPP,SUPP,SUPP,SUPP,SUPP,SUPP,SUPP,SUPP,SUPP,SUPP,SUPP,SUPP,SUPP,SUPP,SUPP,SUPP,SUPP,SUPP,SUPP,SUPP,SUPP,SUPP,SUPP,SUPP,SUPP,SUPP,SUPP,SUPP,SUPP,SUPP,SUPP,SUPP,SUPP,SUPP,SUPP,SUPP,SUPP,SUPP
1,919,4024,143131,Robert Barclay Academy,AC,0,0,27,23,2,17,2,15,0,4,2,2,85%,7%,63%,7%,56%,0%,15%,7%,7%,4,SUPP,SUPP,SUPP,SUPP,SUPP,0,SUPP,SUPP,SUPP,SUPP,SUPP,SUPP,SUPP,SUPP,0%,SUPP,SUPP,SUPP,23,20,SUPP,15,SUPP,SUPP,0,SUPP,SUPP,SUPP,87%,SUPP,65%,SUPP,SUPP,0%,SUPP,SUPP,SUPP,24,21,1,17,2,15,0,3,1,2,88%,4%,71%,8%,63%,0%,13%,4%,8%,SUPP,SUPP,SUPP,SUPP,SUPP,SUPP,SUPP,SUPP,SUPP,SUPP,SUPP,SUPP,SUPP,SUPP,SUPP,SUPP,SUPP,SUPP,SUPP,SUPP,SUPP,SUPP,SUPP,SUPP,SUPP,SUPP,SUPP,SUPP,SUPP,SUPP,SUPP,SUPP,SUPP,SUPP,SUPP,SUPP,SUPP,SUPP,1,SUPP,SUPP,SUPP,SUPP,SUPP,SUPP,SUPP,SUPP,SUPP,SUPP,SUPP,SUPP,SUPP,SUPP,SUPP,SUPP,SUPP,SUPP,SUPP,SUPP,SUPP,SUPP,SUPP,SUPP,SUPP,SUPP,SUPP,SUPP,SUPP,SUPP,SUPP,SUPP,SUPP,SUPP,SUPP,SUPP,SUPP,SUPP,SUPP,SUPP,SUPP,SUPP,SUPP,SUPP,SUPP,SUPP,SUPP,SUPP,SUPP,SUPP,SUPP,SUPP,SUPP,SUPP,SUPP,SUPP,2,SUPP,SUPP,SUPP,SUPP,SUPP,SUPP,SUPP,SUPP,SUPP,SUPP,SUPP,SUPP,SUPP,SUPP,SUPP,SUPP,SUPP,SUPP,SUPP,SUPP,SUPP,SUPP,SUPP,SUPP,SUPP,SUPP,SUPP,SUPP,SUPP,SUPP,SUPP,SUPP,SUPP,SUPP,SUPP,SUPP,SUPP,SUPP,SUPP,SUPP,SUPP,SUPP,SUPP,SUPP,SUPP,SUPP,SUPP,SUPP,SUPP,SUPP,SUPP,SUPP,SUPP,SUPP,SUPP,SUPP
1,919,4026,144623,Barclay Academy,AC,0,0,42,36,1,25,1,23,1,10,2,4,86%,2%,60%,2%,55%,2%,24%,5%,10%,5,SUPP,SUPP,SUPP,SUPP,SUPP,SUPP,SUPP,SUPP,SUPP,SUPP,SUPP,SUPP,SUPP,SUPP,SUPP,SUPP,SUPP,SUPP,37,31,SUPP,23,SUPP,SUPP,SUPP,SUPP,2,4,84%,SUPP,62%,SUPP,SUPP,SUPP,SUPP,5%,11%,42,36,1,25,1,23,1,10,2,4,86%,2%,60%,2%,55%,2%,24%,5%,10%,5,SUPP,SUPP,SUPP,SUPP,SUPP,SUPP,SUPP,SUPP,SUPP,SUPP,SUPP,SUPP,SUPP,SUPP,SUPP,SUPP,SUPP,SUPP,37,31,SUPP,23,SUPP,SUPP,SUPP,SUPP,2,4,84%,SUPP,62%,SUPP,SUPP,SUPP,SUPP,5%,11%,NA,NA,NA,NA,NA,NA,NA,NA,NA,NA,NA,NA,NA,NA,NA,NA,NA,NA,NA,NA,NA,NA,NA,NA,NA,NA,NA,NA,NA,NA,NA,NA,NA,NA,NA,NA,NA,NA,NA,NA,NA,NA,NA,NA,NA,NA,NA,NA,NA,NA,NA,NA,NA,NA,NA,NA,NA,NA,NA,NA,NA,NA,NA,NA,NA,NA,NA,NA,NA,NA,NA,NA,NA,NA,NA,NA,NA,NA,NA,NA,NA,NA,NA,NA,NA,NA,NA,NA,NA,NA,NA,NA,NA,NA,NA,NA,NA,NA,NA,NA,NA,NA,NA,NA,NA,NA,NA,NA,NA,NA,NA,NA,NA,NA
1,919,4028,137270,Sir John Lawes School,ACC,0,0,160,147,2,124,3,121,0,21,10,3,92%,1%,78%,2%,76%,0%,13%,6%,2%,7,6,SUPP,SUPP,SUPP,SUPP,0,SUPP,SUPP,SUPP,86%,SUPP,SUPP,SUPP,SUPP,0%,SUPP,SUPP,SUPP,153,141,SUPP,SUPP,SUPP,SUPP,0,SUPP,SUPP,SUPP,92%,SUPP,SUPP,SUPP,SUPP,0%,SUPP,SUPP,SUPP,159,147,2,124,3,121,0,21,10,2,92%,1%,78%,2%,76%,0%,13%,6%,1%,SUPP,SUPP,SUPP,SUPP,SUPP,SUPP,SUPP,SUPP,SUPP,SUPP,SUPP,SUPP,SUPP,SUPP,SUPP,SUPP,SUPP,SUPP,SUPP,SUPP,SUPP,SUPP,SUPP,SUPP,SUPP,SUPP,SUPP,SUPP,SUPP,SUPP,SUPP,SUPP,SUPP,SUPP,SUPP,SUPP,SUPP,SUPP,1,SUPP,SUPP,SUPP,SUPP,SUPP,SUPP,SUPP,SUPP,SUPP,SUPP,SUPP,SUPP,SUPP,SUPP,SUPP,SUPP,SUPP,SUPP,SUPP,SUPP,SUPP,SUPP,SUPP,SUPP,SUPP,SUPP,SUPP,SUPP,SUPP,SUPP,SUPP,SUPP,SUPP,SUPP,SUPP,SUPP,SUPP,SUPP,SUPP,SUPP,SUPP,SUPP,SUPP,SUPP,SUPP,SUPP,SUPP,SUPP,SUPP,SUPP,SUPP,SUPP,SUPP,SUPP,SUPP,SUPP,NA,NA,NA,NA,NA,NA,NA,NA,NA,NA,NA,NA,NA,NA,NA,NA,NA,NA,NA,NA,NA,NA,NA,NA,NA,NA,NA,NA,NA,NA,NA,NA,NA,NA,NA,NA,NA,NA,NA,NA,NA,NA,NA,NA,NA,NA,NA,NA,NA,NA,NA,NA,NA,NA,NA,NA,NA
1,919,4031,146305,Ridgeway Academy,AC,0,0,20,18,0,14,0,14,0,4,1,1,90%,0%,70%,0%,70%,0%,20%,5%,5%,2,SUPP,0,SUPP,0,SUPP,0,SUPP,SUPP,SUPP,SUPP,0%,SUPP,0%,SUPP,0%,SUPP,SUPP,SUPP,18,SUPP,0,SUPP,0,SUPP,0,4,SUPP,SUPP,SUPP,0%,SUPP,0%,SUPP,0%,22%,SUPP,SUPP,20,18,0,14,0,14,0,4,1,1,90%,0%,70%,0%,70%,0%,20%,5%,5%,2,SUPP,0,SUPP,0,SUPP,0,SUPP,SUPP,SUPP,SUPP,0%,SUPP,0%,SUPP,0%,SUPP,SUPP,SUPP,18,SUPP,0,SUPP,0,SUPP,0,4,SUPP,SUPP,SUPP,0%,SUPP,0%,SUPP,0%,22%,SUPP,SUPP,NA,NA,NA,NA,NA,NA,NA,NA,NA,NA,NA,NA,NA,NA,NA,NA,NA,NA,NA,NA,NA,NA,NA,NA,NA,NA,NA,NA,NA,NA,NA,NA,NA,NA,NA,NA,NA,NA,NA,NA,NA,NA,NA,NA,NA,NA,NA,NA,NA,NA,NA,NA,NA,NA,NA,NA,NA,NA,NA,NA,NA,NA,NA,NA,NA,NA,NA,NA,NA,NA,NA,NA,NA,NA,NA,NA,NA,NA,NA,NA,NA,NA,NA,NA,NA,NA,NA,NA,NA,NA,NA,NA,NA,NA,NA,NA,NA,NA,NA,NA,NA,NA,NA,NA,NA,NA,NA,NA,NA,NA,NA,NA,NA,NA
1,919,4032,145430,The Adeyfield Academy,AC,0,0,27,20,1,16,1,14,1,3,7,0,74%,4%,59%,4%,52%,4%,11%,26%,0%,4,SUPP,SUPP,SUPP,SUPP,SUPP,SUPP,SUPP,SUPP,0,SUPP,SUPP,SUPP,SUPP,SUPP,SUPP,SUPP,SUPP,0%,23,17,SUPP,SUPP,SUPP,SUPP,SUPP,3,6,0,74%,SUPP,SUPP,SUPP,SUPP,SUPP,13%,26%,0%,27,20,1,16,1,14,1,3,7,0,74%,4%,59%,4%,52%,4%,11%,26%,0%,4,SUPP,SUPP,SUPP,SUPP,SUPP,SUPP,SUPP,SUPP,0,SUPP,SUPP,SUPP,SUPP,SUPP,SUPP,SUPP,SUPP,0%,23,17,SUPP,SUPP,SUPP,SUPP,SUPP,3,6,0,74%,SUPP,SUPP,SUPP,SUPP,SUPP,13%,26%,0%,NA,NA,NA,NA,NA,NA,NA,NA,NA,NA,NA,NA,NA,NA,NA,NA,NA,NA,NA,NA,NA,NA,NA,NA,NA,NA,NA,NA,NA,NA,NA,NA,NA,NA,NA,NA,NA,NA,NA,NA,NA,NA,NA,NA,NA,NA,NA,NA,NA,NA,NA,NA,NA,NA,NA,NA,NA,NA,NA,NA,NA,NA,NA,NA,NA,NA,NA,NA,NA,NA,NA,NA,NA,NA,NA,NA,NA,NA,NA,NA,NA,NA,NA,NA,NA,NA,NA,NA,NA,NA,NA,NA,NA,NA,NA,NA,NA,NA,NA,NA,NA,NA,NA,NA,NA,NA,NA,NA,NA,NA,NA,NA,NA,NA
1,919,4033,146440,Laureate Academy,AC,0,0,40,36,1,27,2,25,0,8,4,0,90%,3%,68%,5%,63%,0%,20%,10%,0%,11,9,SUPP,SUPP,SUPP,8,0,0,2,0,82%,SUPP,SUPP,SUPP,73%,0%,0%,18%,0%,29,27,SUPP,SUPP,SUPP,17,0,8,2,0,93%,SUPP,SUPP,SUPP,59%,0%,28%,7%,0%,40,36,1,27,2,25,0,8,4,0,90%,3%,68%,5%,63%,0%,20%,10%,0%,11,9,SUPP,SUPP,SUPP,8,0,0,2,0,82%,SUPP,SUPP,SUPP,73%,0%,0%,18%,0%,29,27,SUPP,SUPP,SUPP,17,0,8,2,0,93%,SUPP,SUPP,SUPP,59%,0%,28%,7%,0%,NA,NA,NA,NA,NA,NA,NA,NA,NA,NA,NA,NA,NA,NA,NA,NA,NA,NA,NA,NA,NA,NA,NA,NA,NA,NA,NA,NA,NA,NA,NA,NA,NA,NA,NA,NA,NA,NA,NA,NA,NA,NA,NA,NA,NA,NA,NA,NA,NA,NA,NA,NA,NA,NA,NA,NA,NA,NA,NA,NA,NA,NA,NA,NA,NA,NA,NA,NA,NA,NA,NA,NA,NA,NA,NA,NA,NA,NA,NA,NA,NA,NA,NA,NA,NA,NA,NA,NA,NA,NA,NA,NA,NA,NA,NA,NA,NA,NA,NA,NA,NA,NA,NA,NA,NA,NA,NA,NA,NA,NA,NA,NA,NA,NA
1,919,4035,147535,Onslow St Audreys School,ACC,0,0,33,27,1,17,2,15,0,9,6,0,82%,3%,52%,6%,45%,0%,27%,18%,0%,6,4,SUPP,3,0,3,0,SUPP,2,0,67%,SUPP,50%,0%,50%,0%,SUPP,33%,0%,27,23,SUPP,14,2,12,0,SUPP,4,0,85%,SUPP,52%,7%,44%,0%,SUPP,15%,0%,33,27,1,17,2,15,0,9,6,0,82%,3%,52%,6%,45%,0%,27%,18%,0%,6,4,SUPP,3,0,3,0,SUPP,2,0,67%,SUPP,50%,0%,50%,0%,SUPP,33%,0%,27,23,SUPP,14,2,12,0,SUPP,4,0,85%,SUPP,52%,7%,44%,0%,SUPP,15%,0%,NA,NA,NA,NA,NA,NA,NA,NA,NA,NA,NA,NA,NA,NA,NA,NA,NA,NA,NA,NA,NA,NA,NA,NA,NA,NA,NA,NA,NA,NA,NA,NA,NA,NA,NA,NA,NA,NA,NA,NA,NA,NA,NA,NA,NA,NA,NA,NA,NA,NA,NA,NA,NA,NA,NA,NA,NA,NA,NA,NA,NA,NA,NA,NA,NA,NA,NA,NA,NA,NA,NA,NA,NA,NA,NA,NA,NA,NA,NA,NA,NA,NA,NA,NA,NA,NA,NA,NA,NA,NA,NA,NA,NA,NA,NA,NA,NA,NA,NA,NA,NA,NA,NA,NA,NA,NA,NA,NA,NA,NA,NA,NA,NA,NA
1,919,4043,138286,Beaumont School,ACC,0,0,182,165,0,142,2,138,2,23,12,5,91%,0%,78%,1%,76%,1%,13%,7%,3%,6,4,0,4,0,4,0,0,2,0,67%,0%,67%,0%,67%,0%,0%,33%,0%,176,161,0,138,2,134,2,23,10,5,91%,0%,78%,1%,76%,1%,13%,6%,3%,182,165,0,142,2,138,2,23,12,5,91%,0%,78%,1%,76%,1%,13%,7%,3%,6,4,0,4,0,4,0,0,2,0,67%,0%,67%,0%,67%,0%,0%,33%,0%,176,161,0,138,2,134,2,23,10,5,91%,0%,78%,1%,76%,1%,13%,6%,3%,NA,NA,NA,NA,NA,NA,NA,NA,NA,NA,NA,NA,NA,NA,NA,NA,NA,NA,NA,NA,NA,NA,NA,NA,NA,NA,NA,NA,NA,NA,NA,NA,NA,NA,NA,NA,NA,NA,NA,NA,NA,NA,NA,NA,NA,NA,NA,NA,NA,NA,NA,NA,NA,NA,NA,NA,NA,NA,NA,NA,NA,NA,NA,NA,NA,NA,NA,NA,NA,NA,NA,NA,NA,NA,NA,NA,NA,NA,NA,NA,NA,NA,NA,NA,NA,NA,NA,NA,NA,NA,NA,NA,NA,NA,NA,NA,NA,NA,NA,NA,NA,NA,NA,NA,NA,NA,NA,NA,NA,NA,NA,NA,NA,NA
1,919,4066,117518,Barnwell School,FD,0,0,64,60,5,26,1,25,0,29,3,1,94%,8%,41%,2%,39%,0%,45%,5%,2%,14,12,SUPP,SUPP,SUPP,SUPP,0,5,SUPP,SUPP,86%,SUPP,SUPP,SUPP,SUPP,0%,36%,SUPP,SUPP,50,48,SUPP,SUPP,SUPP,SUPP,0,24,SUPP,SUPP,96%,SUPP,SUPP,SUPP,SUPP,0%,48%,SUPP,SUPP,56,52,3,26,1,25,0,23,3,1,93%,5%,46%,2%,45%,0%,41%,5%,2%,12,10,SUPP,SUPP,SUPP,SUPP,0,3,SUPP,SUPP,83%,SUPP,SUPP,SUPP,SUPP,0%,25%,SUPP,SUPP,44,42,SUPP,SUPP,SUPP,SUPP,0,20,SUPP,SUPP,95%,SUPP,SUPP,SUPP,SUPP,0%,45%,SUPP,SUPP,2,SUPP,SUPP,SUPP,SUPP,SUPP,SUPP,SUPP,SUPP,SUPP,SUPP,SUPP,SUPP,SUPP,SUPP,SUPP,SUPP,SUPP,SUPP,SUPP,SUPP,SUPP,SUPP,SUPP,SUPP,SUPP,SUPP,SUPP,SUPP,SUPP,SUPP,SUPP,SUPP,SUPP,SUPP,SUPP,SUPP,SUPP,SUPP,SUPP,SUPP,SUPP,SUPP,SUPP,SUPP,SUPP,SUPP,SUPP,SUPP,SUPP,SUPP,SUPP,SUPP,SUPP,SUPP,SUPP,SUPP,6,6,2,0,0,0,0,4,0,0,100%,33%,0%,0%,0%,0%,67%,0%,0%,SUPP,SUPP,SUPP,SUPP,SUPP,SUPP,SUPP,SUPP,SUPP,SUPP,SUPP,SUPP,SUPP,SUPP,SUPP,SUPP,SUPP,SUPP,SUPP,SUPP,SUPP,SUPP,SUPP,SUPP,SUPP,SUPP,SUPP,SUPP,SUPP,SUPP,SUPP,SUPP,SUPP,SUPP,SUPP,SUPP,SUPP,SUPP
1,919,4067,140294,Simon Balle All-Through School,ACC,0,0,147,132,6,93,10,78,5,33,11,4,90%,4%,63%,7%,53%,3%,22%,7%,3%,13,10,1,6,SUPP,5,SUPP,3,SUPP,SUPP,77%,8%,46%,SUPP,38%,SUPP,23%,SUPP,SUPP,134,122,5,87,SUPP,73,SUPP,30,SUPP,SUPP,91%,4%,65%,SUPP,54%,SUPP,22%,SUPP,SUPP,138,124,5,91,10,78,3,28,10,4,90%,4%,66%,7%,57%,2%,20%,7%,3%,9,7,SUPP,SUPP,SUPP,SUPP,SUPP,1,SUPP,SUPP,78%,SUPP,SUPP,SUPP,SUPP,SUPP,11%,SUPP,SUPP,129,117,SUPP,SUPP,SUPP,SUPP,SUPP,27,SUPP,SUPP,91%,SUPP,SUPP,SUPP,SUPP,SUPP,21%,SUPP,SUPP,6,5,1,1,0,0,1,3,1,0,83%,17%,17%,0%,0%,17%,50%,17%,0%,SUPP,SUPP,SUPP,SUPP,SUPP,SUPP,SUPP,SUPP,SUPP,SUPP,SUPP,SUPP,SUPP,SUPP,SUPP,SUPP,SUPP,SUPP,SUPP,SUPP,SUPP,SUPP,SUPP,SUPP,SUPP,SUPP,SUPP,SUPP,SUPP,SUPP,SUPP,SUPP,SUPP,SUPP,SUPP,SUPP,SUPP,SUPP,3,SUPP,SUPP,SUPP,SUPP,SUPP,SUPP,SUPP,SUPP,SUPP,SUPP,SUPP,SUPP,SUPP,SUPP,SUPP,SUPP,SUPP,SUPP,SUPP,SUPP,SUPP,SUPP,SUPP,SUPP,SUPP,SUPP,SUPP,SUPP,SUPP,SUPP,SUPP,SUPP,SUPP,SUPP,SUPP,SUPP,SUPP,SUPP,SUPP,SUPP,SUPP,SUPP,SUPP,SUPP,SUPP,SUPP,SUPP,SUPP,SUPP,SUPP,SUPP,SUPP,SUPP,SUPP,SUPP,SUPP
1,919,4070,136973,Roundwood Park School,ACC,0,0,148,138,6,115,2,112,1,17,8,2,93%,4%,78%,1%,76%,1%,11%,5%,1%,5,SUPP,SUPP,SUPP,SUPP,SUPP,SUPP,SUPP,SUPP,SUPP,SUPP,SUPP,SUPP,SUPP,SUPP,SUPP,SUPP,SUPP,SUPP,143,135,5,113,2,SUPP,SUPP,17,6,2,94%,3%,79%,1%,SUPP,SUPP,12%,4%,1%,148,138,6,115,2,112,1,17,8,2,93%,4%,78%,1%,76%,1%,11%,5%,1%,5,SUPP,SUPP,SUPP,SUPP,SUPP,SUPP,SUPP,SUPP,SUPP,SUPP,SUPP,SUPP,SUPP,SUPP,SUPP,SUPP,SUPP,SUPP,143,135,5,113,2,SUPP,SUPP,17,6,2,94%,3%,79%,1%,SUPP,SUPP,12%,4%,1%,NA,NA,NA,NA,NA,NA,NA,NA,NA,NA,NA,NA,NA,NA,NA,NA,NA,NA,NA,NA,NA,NA,NA,NA,NA,NA,NA,NA,NA,NA,NA,NA,NA,NA,NA,NA,NA,NA,NA,NA,NA,NA,NA,NA,NA,NA,NA,NA,NA,NA,NA,NA,NA,NA,NA,NA,NA,NA,NA,NA,NA,NA,NA,NA,NA,NA,NA,NA,NA,NA,NA,NA,NA,NA,NA,NA,NA,NA,NA,NA,NA,NA,NA,NA,NA,NA,NA,NA,NA,NA,NA,NA,NA,NA,NA,NA,NA,NA,NA,NA,NA,NA,NA,NA,NA,NA,NA,NA,NA,NA,NA,NA,NA,NA
1,919,4080,137110,Longdean School,ACC,0,0,91,80,0,56,3,49,4,24,5,6,88%,0%,62%,3%,54%,4%,26%,5%,7%,9,SUPP,0,SUPP,SUPP,8,SUPP,SUPP,SUPP,SUPP,SUPP,0%,SUPP,SUPP,89%,SUPP,SUPP,SUPP,SUPP,82,SUPP,0,SUPP,SUPP,41,SUPP,SUPP,SUPP,SUPP,SUPP,0%,SUPP,SUPP,50%,SUPP,SUPP,SUPP,SUPP,84,77,0,54,3,49,2,23,4,3,92%,0%,64%,4%,58%,2%,27%,5%,4%,8,8,0,SUPP,0,SUPP,SUPP,SUPP,0,0,100%,0%,SUPP,0%,SUPP,SUPP,SUPP,0%,0%,76,69,0,SUPP,3,SUPP,SUPP,SUPP,4,3,91%,0%,SUPP,4%,SUPP,SUPP,SUPP,5%,4%,3,SUPP,SUPP,SUPP,SUPP,SUPP,SUPP,SUPP,SUPP,SUPP,SUPP,SUPP,SUPP,SUPP,SUPP,SUPP,SUPP,SUPP,SUPP,SUPP,SUPP,SUPP,SUPP,SUPP,SUPP,SUPP,SUPP,SUPP,SUPP,SUPP,SUPP,SUPP,SUPP,SUPP,SUPP,SUPP,SUPP,SUPP,SUPP,SUPP,SUPP,SUPP,SUPP,SUPP,SUPP,SUPP,SUPP,SUPP,SUPP,SUPP,SUPP,SUPP,SUPP,SUPP,SUPP,SUPP,SUPP,4,SUPP,SUPP,SUPP,SUPP,SUPP,SUPP,SUPP,SUPP,SUPP,SUPP,SUPP,SUPP,SUPP,SUPP,SUPP,SUPP,SUPP,SUPP,SUPP,SUPP,SUPP,SUPP,SUPP,SUPP,SUPP,SUPP,SUPP,SUPP,SUPP,SUPP,SUPP,SUPP,SUPP,SUPP,SUPP,SUPP,SUPP,SUPP,SUPP,SUPP,SUPP,SUPP,SUPP,SUPP,SUPP,SUPP,SUPP,SUPP,SUPP,SUPP,SUPP,SUPP,SUPP,SUPP,SUPP,SUPP
1,919,4083,137339,St Albans Girls' School,ACC,0,0,115,107,1,91,7,83,1,15,5,3,93%,1%,79%,6%,72%,1%,13%,4%,3%,13,12,SUPP,10,SUPP,9,SUPP,SUPP,1,0,92%,SUPP,77%,SUPP,69%,SUPP,SUPP,8%,0%,102,95,SUPP,81,SUPP,74,SUPP,SUPP,4,3,93%,SUPP,79%,SUPP,73%,SUPP,SUPP,4%,3%,115,107,1,91,7,83,1,15,5,3,93%,1%,79%,6%,72%,1%,13%,4%,3%,13,12,SUPP,10,SUPP,9,SUPP,SUPP,1,0,92%,SUPP,77%,SUPP,69%,SUPP,SUPP,8%,0%,102,95,SUPP,81,SUPP,74,SUPP,SUPP,4,3,93%,SUPP,79%,SUPP,73%,SUPP,SUPP,4%,3%,NA,NA,NA,NA,NA,NA,NA,NA,NA,NA,NA,NA,NA,NA,NA,NA,NA,NA,NA,NA,NA,NA,NA,NA,NA,NA,NA,NA,NA,NA,NA,NA,NA,NA,NA,NA,NA,NA,NA,NA,NA,NA,NA,NA,NA,NA,NA,NA,NA,NA,NA,NA,NA,NA,NA,NA,NA,NA,NA,NA,NA,NA,NA,NA,NA,NA,NA,NA,NA,NA,NA,NA,NA,NA,NA,NA,NA,NA,NA,NA,NA,NA,NA,NA,NA,NA,NA,NA,NA,NA,NA,NA,NA,NA,NA,NA,NA,NA,NA,NA,NA,NA,NA,NA,NA,NA,NA,NA,NA,NA,NA,NA,NA,NA
1,919,4096,139036,Kings Langley School,ACC,0,0,69,65,3,45,0,39,6,17,3,1,94%,4%,65%,0%,57%,9%,25%,4%,1%,5,SUPP,SUPP,SUPP,0,SUPP,SUPP,SUPP,SUPP,SUPP,SUPP,SUPP,SUPP,0%,SUPP,SUPP,SUPP,SUPP,SUPP,64,SUPP,SUPP,41,0,36,5,SUPP,SUPP,SUPP,SUPP,SUPP,64%,0%,56%,8%,SUPP,SUPP,SUPP,66,62,3,44,0,39,5,15,3,1,94%,5%,67%,0%,59%,8%,23%,5%,2%,SUPP,SUPP,SUPP,SUPP,SUPP,SUPP,SUPP,SUPP,SUPP,SUPP,SUPP,SUPP,SUPP,SUPP,SUPP,SUPP,SUPP,SUPP,SUPP,SUPP,SUPP,SUPP,SUPP,SUPP,SUPP,SUPP,SUPP,SUPP,SUPP,SUPP,SUPP,SUPP,SUPP,SUPP,SUPP,SUPP,SUPP,SUPP,1,SUPP,SUPP,SUPP,SUPP,SUPP,SUPP,SUPP,SUPP,SUPP,SUPP,SUPP,SUPP,SUPP,SUPP,SUPP,SUPP,SUPP,SUPP,SUPP,SUPP,SUPP,SUPP,SUPP,SUPP,SUPP,SUPP,SUPP,SUPP,SUPP,SUPP,SUPP,SUPP,SUPP,SUPP,SUPP,SUPP,SUPP,SUPP,SUPP,SUPP,SUPP,SUPP,SUPP,SUPP,SUPP,SUPP,SUPP,SUPP,SUPP,SUPP,SUPP,SUPP,SUPP,SUPP,SUPP,SUPP,2,SUPP,SUPP,SUPP,SUPP,SUPP,SUPP,SUPP,SUPP,SUPP,SUPP,SUPP,SUPP,SUPP,SUPP,SUPP,SUPP,SUPP,SUPP,SUPP,SUPP,SUPP,SUPP,SUPP,SUPP,SUPP,SUPP,SUPP,SUPP,SUPP,SUPP,SUPP,SUPP,SUPP,SUPP,SUPP,SUPP,SUPP,SUPP,SUPP,SUPP,SUPP,SUPP,SUPP,SUPP,SUPP,SUPP,SUPP,SUPP,SUPP,SUPP,SUPP,SUPP,SUPP,SUPP,SUPP,SUPP
1,919,4099,137757,Bishop's Hatfield Girls' School,ACC,0,0,69,62,0,57,2,51,4,5,5,2,90%,0%,83%,3%,74%,6%,7%,7%,3%,12,10,0,10,0,10,0,0,2,0,83%,0%,83%,0%,83%,0%,0%,17%,0%,57,52,0,47,2,41,4,5,3,2,91%,0%,82%,4%,72%,7%,9%,5%,4%,69,62,0,57,2,51,4,5,5,2,90%,0%,83%,3%,74%,6%,7%,7%,3%,12,10,0,10,0,10,0,0,2,0,83%,0%,83%,0%,83%,0%,0%,17%,0%,57,52,0,47,2,41,4,5,3,2,91%,0%,82%,4%,72%,7%,9%,5%,4%,NA,NA,NA,NA,NA,NA,NA,NA,NA,NA,NA,NA,NA,NA,NA,NA,NA,NA,NA,NA,NA,NA,NA,NA,NA,NA,NA,NA,NA,NA,NA,NA,NA,NA,NA,NA,NA,NA,NA,NA,NA,NA,NA,NA,NA,NA,NA,NA,NA,NA,NA,NA,NA,NA,NA,NA,NA,NA,NA,NA,NA,NA,NA,NA,NA,NA,NA,NA,NA,NA,NA,NA,NA,NA,NA,NA,NA,NA,NA,NA,NA,NA,NA,NA,NA,NA,NA,NA,NA,NA,NA,NA,NA,NA,NA,NA,NA,NA,NA,NA,NA,NA,NA,NA,NA,NA,NA,NA,NA,NA,NA,NA,NA,NA
1,919,4101,136396,The Broxbourne School,ACC,0,0,114,102,16,67,1,65,1,19,7,5,89%,14%,59%,1%,57%,1%,17%,6%,4%,10,8,2,3,SUPP,SUPP,SUPP,3,SUPP,SUPP,80%,20%,30%,SUPP,SUPP,SUPP,30%,SUPP,SUPP,104,94,14,64,SUPP,SUPP,SUPP,16,SUPP,SUPP,90%,13%,62%,SUPP,SUPP,SUPP,15%,SUPP,SUPP,112,101,16,67,1,65,1,18,6,5,90%,14%,60%,1%,58%,1%,16%,5%,4%,SUPP,SUPP,SUPP,SUPP,SUPP,SUPP,SUPP,SUPP,SUPP,SUPP,SUPP,SUPP,SUPP,SUPP,SUPP,SUPP,SUPP,SUPP,SUPP,SUPP,SUPP,SUPP,SUPP,SUPP,SUPP,SUPP,SUPP,SUPP,SUPP,SUPP,SUPP,SUPP,SUPP,SUPP,SUPP,SUPP,SUPP,SUPP,NA,NA,NA,NA,NA,NA,NA,NA,NA,NA,NA,NA,NA,NA,NA,NA,NA,NA,NA,NA,NA,NA,NA,NA,NA,NA,NA,NA,NA,NA,NA,NA,NA,NA,NA,NA,NA,NA,NA,NA,NA,NA,NA,NA,NA,NA,NA,NA,NA,NA,NA,NA,NA,NA,NA,NA,NA,2,SUPP,SUPP,SUPP,SUPP,SUPP,SUPP,SUPP,SUPP,SUPP,SUPP,SUPP,SUPP,SUPP,SUPP,SUPP,SUPP,SUPP,SUPP,SUPP,SUPP,SUPP,SUPP,SUPP,SUPP,SUPP,SUPP,SUPP,SUPP,SUPP,SUPP,SUPP,SUPP,SUPP,SUPP,SUPP,SUPP,SUPP,SUPP,SUPP,SUPP,SUPP,SUPP,SUPP,SUPP,SUPP,SUPP,SUPP,SUPP,SUPP,SUPP,SUPP,SUPP,SUPP,SUPP,SUPP,SUPP
1,919,4104,117530,The Nobel School,FD,0,0,136,125,2,100,3,96,1,23,7,4,92%,1%,74%,2%,71%,1%,17%,5%,3%,11,9,SUPP,SUPP,SUPP,8,SUPP,SUPP,1,1,82%,SUPP,SUPP,SUPP,73%,SUPP,SUPP,9%,9%,125,116,SUPP,SUPP,SUPP,88,SUPP,SUPP,6,3,93%,SUPP,SUPP,SUPP,70%,SUPP,SUPP,5%,2%,133,124,2,100,3,96,1,22,5,4,93%,2%,75%,2%,72%,1%,17%,4%,3%,SUPP,SUPP,SUPP,SUPP,SUPP,SUPP,SUPP,SUPP,SUPP,SUPP,SUPP,SUPP,SUPP,SUPP,SUPP,SUPP,SUPP,SUPP,SUPP,SUPP,SUPP,SUPP,SUPP,SUPP,SUPP,SUPP,SUPP,SUPP,SUPP,SUPP,SUPP,SUPP,SUPP,SUPP,SUPP,SUPP,SUPP,SUPP,NA,NA,NA,NA,NA,NA,NA,NA,NA,NA,NA,NA,NA,NA,NA,NA,NA,NA,NA,NA,NA,NA,NA,NA,NA,NA,NA,NA,NA,NA,NA,NA,NA,NA,NA,NA,NA,NA,NA,NA,NA,NA,NA,NA,NA,NA,NA,NA,NA,NA,NA,NA,NA,NA,NA,NA,NA,3,SUPP,SUPP,SUPP,SUPP,SUPP,SUPP,SUPP,SUPP,SUPP,SUPP,SUPP,SUPP,SUPP,SUPP,SUPP,SUPP,SUPP,SUPP,SUPP,SUPP,SUPP,SUPP,SUPP,SUPP,SUPP,SUPP,SUPP,SUPP,SUPP,SUPP,SUPP,SUPP,SUPP,SUPP,SUPP,SUPP,SUPP,SUPP,SUPP,SUPP,SUPP,SUPP,SUPP,SUPP,SUPP,SUPP,SUPP,SUPP,SUPP,SUPP,SUPP,SUPP,SUPP,SUPP,SUPP,SUPP
1,919,4111,140049,Westfield Academy,ACC,0,0,88,74,3,52,5,44,3,19,14,0,84%,3%,59%,6%,50%,3%,22%,16%,0%,16,13,0,9,SUPP,6,SUPP,4,3,0,81%,0%,56%,SUPP,38%,SUPP,25%,19%,0%,72,61,3,43,SUPP,38,SUPP,15,11,0,85%,4%,60%,SUPP,53%,SUPP,21%,15%,0%,81,69,3,49,4,44,1,17,12,0,85%,4%,60%,5%,54%,1%,21%,15%,0%,13,SUPP,0,SUPP,SUPP,6,SUPP,SUPP,SUPP,0,SUPP,0%,SUPP,SUPP,46%,SUPP,SUPP,SUPP,0%,68,SUPP,3,SUPP,SUPP,38,SUPP,SUPP,SUPP,0,SUPP,4%,SUPP,SUPP,56%,SUPP,SUPP,SUPP,0%,NA,NA,NA,NA,NA,NA,NA,NA,NA,NA,NA,NA,NA,NA,NA,NA,NA,NA,NA,NA,NA,NA,NA,NA,NA,NA,NA,NA,NA,NA,NA,NA,NA,NA,NA,NA,NA,NA,NA,NA,NA,NA,NA,NA,NA,NA,NA,NA,NA,NA,NA,NA,NA,NA,NA,NA,NA,7,5,0,3,1,0,2,2,2,0,71%,0%,43%,14%,0%,29%,29%,29%,0%,3,SUPP,0,SUPP,SUPP,0,SUPP,SUPP,SUPP,0,SUPP,0%,SUPP,SUPP,0%,SUPP,SUPP,SUPP,0%,4,SUPP,0,SUPP,SUPP,0,SUPP,SUPP,SUPP,0,SUPP,0%,SUPP,SUPP,0%,SUPP,SUPP,SUPP,0%
1,919,4116,117534,Marriotts School,CY,0,0,126,96,5,53,4,48,1,38,21,9,76%,4%,42%,3%,38%,1%,30%,17%,7%,27,20,1,10,SUPP,6,SUPP,9,SUPP,SUPP,74%,4%,37%,SUPP,22%,SUPP,33%,SUPP,SUPP,99,76,4,43,SUPP,42,SUPP,29,SUPP,SUPP,77%,4%,43%,SUPP,42%,SUPP,29%,SUPP,SUPP,124,94,5,53,4,48,1,36,21,9,76%,4%,43%,3%,39%,1%,29%,17%,7%,26,19,SUPP,10,SUPP,SUPP,SUPP,SUPP,SUPP,SUPP,73%,SUPP,38%,SUPP,SUPP,SUPP,SUPP,SUPP,SUPP,98,75,SUPP,43,SUPP,SUPP,SUPP,SUPP,SUPP,SUPP,77%,SUPP,44%,SUPP,SUPP,SUPP,SUPP,SUPP,SUPP,1,SUPP,SUPP,SUPP,SUPP,SUPP,SUPP,SUPP,SUPP,SUPP,SUPP,SUPP,SUPP,SUPP,SUPP,SUPP,SUPP,SUPP,SUPP,SUPP,SUPP,SUPP,SUPP,SUPP,SUPP,SUPP,SUPP,SUPP,SUPP,SUPP,SUPP,SUPP,SUPP,SUPP,SUPP,SUPP,SUPP,SUPP,SUPP,SUPP,SUPP,SUPP,SUPP,SUPP,SUPP,SUPP,SUPP,SUPP,SUPP,SUPP,SUPP,SUPP,SUPP,SUPP,SUPP,SUPP,SUPP,1,SUPP,SUPP,SUPP,SUPP,SUPP,SUPP,SUPP,SUPP,SUPP,SUPP,SUPP,SUPP,SUPP,SUPP,SUPP,SUPP,SUPP,SUPP,SUPP,SUPP,SUPP,SUPP,SUPP,SUPP,SUPP,SUPP,SUPP,SUPP,SUPP,SUPP,SUPP,SUPP,SUPP,SUPP,SUPP,SUPP,SUPP,SUPP,SUPP,SUPP,SUPP,SUPP,SUPP,SUPP,SUPP,SUPP,SUPP,SUPP,SUPP,SUPP,SUPP,SUPP,SUPP,SUPP,SUPP,SUPP
1,919,4117,138484,The Sele School,ACC,0,0,25,17,1,11,1,10,0,5,7,1,68%,4%,44%,4%,40%,0%,20%,28%,4%,4,SUPP,SUPP,SUPP,SUPP,SUPP,0,SUPP,SUPP,SUPP,SUPP,SUPP,SUPP,SUPP,SUPP,0%,SUPP,SUPP,SUPP,21,15,SUPP,10,SUPP,SUPP,0,SUPP,SUPP,SUPP,71%,SUPP,48%,SUPP,SUPP,0%,SUPP,SUPP,SUPP,23,16,0,11,1,10,0,5,6,1,70%,0%,48%,4%,43%,0%,22%,26%,4%,3,SUPP,0,SUPP,SUPP,SUPP,0,SUPP,SUPP,SUPP,SUPP,0%,SUPP,SUPP,SUPP,0%,SUPP,SUPP,SUPP,20,SUPP,0,10,SUPP,SUPP,0,SUPP,SUPP,SUPP,SUPP,0%,50%,SUPP,SUPP,0%,SUPP,SUPP,SUPP,1,SUPP,SUPP,SUPP,SUPP,SUPP,SUPP,SUPP,SUPP,SUPP,SUPP,SUPP,SUPP,SUPP,SUPP,SUPP,SUPP,SUPP,SUPP,SUPP,SUPP,SUPP,SUPP,SUPP,SUPP,SUPP,SUPP,SUPP,SUPP,SUPP,SUPP,SUPP,SUPP,SUPP,SUPP,SUPP,SUPP,SUPP,SUPP,SUPP,SUPP,SUPP,SUPP,SUPP,SUPP,SUPP,SUPP,SUPP,SUPP,SUPP,SUPP,SUPP,SUPP,SUPP,SUPP,SUPP,SUPP,1,SUPP,SUPP,SUPP,SUPP,SUPP,SUPP,SUPP,SUPP,SUPP,SUPP,SUPP,SUPP,SUPP,SUPP,SUPP,SUPP,SUPP,SUPP,SUPP,SUPP,SUPP,SUPP,SUPP,SUPP,SUPP,SUPP,SUPP,SUPP,SUPP,SUPP,SUPP,SUPP,SUPP,SUPP,SUPP,SUPP,SUPP,SUPP,SUPP,SUPP,SUPP,SUPP,SUPP,SUPP,SUPP,SUPP,SUPP,SUPP,SUPP,SUPP,SUPP,SUPP,SUPP,SUPP,SUPP,SUPP
1,919,4118,138632,Monk's Walk School,ACC,0,0,114,107,3,87,7,78,2,17,5,2,94%,3%,76%,6%,68%,2%,15%,4%,2%,9,SUPP,SUPP,8,SUPP,7,SUPP,SUPP,SUPP,SUPP,SUPP,SUPP,89%,SUPP,78%,SUPP,SUPP,SUPP,SUPP,105,SUPP,SUPP,79,SUPP,71,SUPP,SUPP,SUPP,SUPP,SUPP,SUPP,75%,SUPP,68%,SUPP,SUPP,SUPP,SUPP,111,105,3,86,7,78,1,16,4,2,95%,3%,77%,6%,70%,1%,14%,4%,2%,SUPP,SUPP,SUPP,SUPP,SUPP,SUPP,SUPP,SUPP,SUPP,SUPP,SUPP,SUPP,SUPP,SUPP,SUPP,SUPP,SUPP,SUPP,SUPP,SUPP,SUPP,SUPP,SUPP,SUPP,SUPP,SUPP,SUPP,SUPP,SUPP,SUPP,SUPP,SUPP,SUPP,SUPP,SUPP,SUPP,SUPP,SUPP,NA,NA,NA,NA,NA,NA,NA,NA,NA,NA,NA,NA,NA,NA,NA,NA,NA,NA,NA,NA,NA,NA,NA,NA,NA,NA,NA,NA,NA,NA,NA,NA,NA,NA,NA,NA,NA,NA,NA,NA,NA,NA,NA,NA,NA,NA,NA,NA,NA,NA,NA,NA,NA,NA,NA,NA,NA,3,SUPP,SUPP,SUPP,SUPP,SUPP,SUPP,SUPP,SUPP,SUPP,SUPP,SUPP,SUPP,SUPP,SUPP,SUPP,SUPP,SUPP,SUPP,SUPP,SUPP,SUPP,SUPP,SUPP,SUPP,SUPP,SUPP,SUPP,SUPP,SUPP,SUPP,SUPP,SUPP,SUPP,SUPP,SUPP,SUPP,SUPP,SUPP,SUPP,SUPP,SUPP,SUPP,SUPP,SUPP,SUPP,SUPP,SUPP,SUPP,SUPP,SUPP,SUPP,SUPP,SUPP,SUPP,SUPP,SUPP
1,919,4122,117537,The Highfield School,FD,0,0,66,58,1,37,1,36,0,20,5,3,88%,2%,56%,2%,55%,0%,30%,8%,5%,13,11,SUPP,6,SUPP,SUPP,0,SUPP,1,1,85%,SUPP,46%,SUPP,SUPP,0%,SUPP,8%,8%,53,47,SUPP,31,SUPP,SUPP,0,SUPP,4,2,89%,SUPP,58%,SUPP,SUPP,0%,SUPP,8%,4%,62,55,0,37,1,36,0,18,5,2,89%,0%,60%,2%,58%,0%,29%,8%,3%,11,9,0,SUPP,SUPP,SUPP,0,SUPP,SUPP,SUPP,82%,0%,SUPP,SUPP,SUPP,0%,SUPP,SUPP,SUPP,51,46,0,SUPP,SUPP,SUPP,0,SUPP,SUPP,SUPP,90%,0%,SUPP,SUPP,SUPP,0%,SUPP,SUPP,SUPP,1,SUPP,SUPP,SUPP,SUPP,SUPP,SUPP,SUPP,SUPP,SUPP,SUPP,SUPP,SUPP,SUPP,SUPP,SUPP,SUPP,SUPP,SUPP,SUPP,SUPP,SUPP,SUPP,SUPP,SUPP,SUPP,SUPP,SUPP,SUPP,SUPP,SUPP,SUPP,SUPP,SUPP,SUPP,SUPP,SUPP,SUPP,SUPP,SUPP,SUPP,SUPP,SUPP,SUPP,SUPP,SUPP,SUPP,SUPP,SUPP,SUPP,SUPP,SUPP,SUPP,SUPP,SUPP,SUPP,SUPP,3,SUPP,SUPP,SUPP,SUPP,SUPP,SUPP,SUPP,SUPP,SUPP,SUPP,SUPP,SUPP,SUPP,SUPP,SUPP,SUPP,SUPP,SUPP,SUPP,SUPP,SUPP,SUPP,SUPP,SUPP,SUPP,SUPP,SUPP,SUPP,SUPP,SUPP,SUPP,SUPP,SUPP,SUPP,SUPP,SUPP,SUPP,SUPP,SUPP,SUPP,SUPP,SUPP,SUPP,SUPP,SUPP,SUPP,SUPP,SUPP,SUPP,SUPP,SUPP,SUPP,SUPP,SUPP,SUPP,SUPP
1,919,4140,137656,King James Academy Royston,ACC,0,0,16,13,1,7,0,7,0,5,2,1,81%,6%,44%,0%,44%,0%,31%,13%,6%,SUPP,SUPP,SUPP,SUPP,SUPP,SUPP,SUPP,SUPP,SUPP,SUPP,SUPP,SUPP,SUPP,SUPP,SUPP,SUPP,SUPP,SUPP,SUPP,SUPP,SUPP,SUPP,SUPP,SUPP,SUPP,SUPP,SUPP,SUPP,SUPP,SUPP,SUPP,SUPP,SUPP,SUPP,SUPP,SUPP,SUPP,SUPP,12,10,0,7,0,7,0,3,1,1,83%,0%,58%,0%,58%,0%,25%,8%,8%,SUPP,SUPP,SUPP,SUPP,SUPP,SUPP,SUPP,SUPP,SUPP,SUPP,SUPP,SUPP,SUPP,SUPP,SUPP,SUPP,SUPP,SUPP,SUPP,SUPP,SUPP,SUPP,SUPP,SUPP,SUPP,SUPP,SUPP,SUPP,SUPP,SUPP,SUPP,SUPP,SUPP,SUPP,SUPP,SUPP,SUPP,SUPP,1,SUPP,SUPP,SUPP,SUPP,SUPP,SUPP,SUPP,SUPP,SUPP,SUPP,SUPP,SUPP,SUPP,SUPP,SUPP,SUPP,SUPP,SUPP,SUPP,SUPP,SUPP,SUPP,SUPP,SUPP,SUPP,SUPP,SUPP,SUPP,SUPP,SUPP,SUPP,SUPP,SUPP,SUPP,SUPP,SUPP,SUPP,SUPP,SUPP,SUPP,SUPP,SUPP,SUPP,SUPP,SUPP,SUPP,SUPP,SUPP,SUPP,SUPP,SUPP,SUPP,SUPP,SUPP,SUPP,SUPP,3,SUPP,SUPP,SUPP,SUPP,SUPP,SUPP,SUPP,SUPP,SUPP,SUPP,SUPP,SUPP,SUPP,SUPP,SUPP,SUPP,SUPP,SUPP,SUPP,SUPP,SUPP,SUPP,SUPP,SUPP,SUPP,SUPP,SUPP,SUPP,SUPP,SUPP,SUPP,SUPP,SUPP,SUPP,SUPP,SUPP,SUPP,SUPP,SUPP,SUPP,SUPP,SUPP,SUPP,SUPP,SUPP,SUPP,SUPP,SUPP,SUPP,SUPP,SUPP,SUPP,SUPP,SUPP,SUPP,SUPP
1,919,4141,137002,Freman College,ACC,0,0,136,119,7,87,9,78,0,25,11,6,88%,5%,64%,7%,57%,0%,18%,8%,4%,10,8,SUPP,7,1,6,0,SUPP,1,1,80%,SUPP,70%,10%,60%,0%,SUPP,10%,10%,126,111,SUPP,80,8,72,0,SUPP,10,5,88%,SUPP,63%,6%,57%,0%,SUPP,8%,4%,133,117,7,87,9,78,0,23,10,6,88%,5%,65%,7%,59%,0%,17%,8%,5%,SUPP,SUPP,SUPP,SUPP,SUPP,SUPP,SUPP,SUPP,SUPP,SUPP,SUPP,SUPP,SUPP,SUPP,SUPP,SUPP,SUPP,SUPP,SUPP,SUPP,SUPP,SUPP,SUPP,SUPP,SUPP,SUPP,SUPP,SUPP,SUPP,SUPP,SUPP,SUPP,SUPP,SUPP,SUPP,SUPP,SUPP,SUPP,NA,NA,NA,NA,NA,NA,NA,NA,NA,NA,NA,NA,NA,NA,NA,NA,NA,NA,NA,NA,NA,NA,NA,NA,NA,NA,NA,NA,NA,NA,NA,NA,NA,NA,NA,NA,NA,NA,NA,NA,NA,NA,NA,NA,NA,NA,NA,NA,NA,NA,NA,NA,NA,NA,NA,NA,NA,3,SUPP,SUPP,SUPP,SUPP,SUPP,SUPP,SUPP,SUPP,SUPP,SUPP,SUPP,SUPP,SUPP,SUPP,SUPP,SUPP,SUPP,SUPP,SUPP,SUPP,SUPP,SUPP,SUPP,SUPP,SUPP,SUPP,SUPP,SUPP,SUPP,SUPP,SUPP,SUPP,SUPP,SUPP,SUPP,SUPP,SUPP,SUPP,SUPP,SUPP,SUPP,SUPP,SUPP,SUPP,SUPP,SUPP,SUPP,SUPP,SUPP,SUPP,SUPP,SUPP,SUPP,SUPP,SUPP,SUPP
1,919,4197,136609,Sandringham School,ACC,0,0,202,186,3,150,2,147,1,33,9,7,92%,1%,74%,1%,73%,SP,16%,4%,3%,17,15,SUPP,13,SUPP,12,SUPP,SUPP,SUPP,SUPP,88%,SUPP,76%,SUPP,71%,SUPP,SUPP,SUPP,SUPP,185,171,SUPP,137,SUPP,135,SUPP,SUPP,SUPP,SUPP,92%,SUPP,74%,SUPP,73%,SUPP,SUPP,SUPP,SUPP,200,184,1,150,2,147,1,33,9,7,92%,1%,75%,1%,74%,1%,17%,5%,4%,SUPP,SUPP,SUPP,SUPP,SUPP,SUPP,SUPP,SUPP,SUPP,SUPP,SUPP,SUPP,SUPP,SUPP,SUPP,SUPP,SUPP,SUPP,SUPP,SUPP,SUPP,SUPP,SUPP,SUPP,SUPP,SUPP,SUPP,SUPP,SUPP,SUPP,SUPP,SUPP,SUPP,SUPP,SUPP,SUPP,SUPP,SUPP,1,SUPP,SUPP,SUPP,SUPP,SUPP,SUPP,SUPP,SUPP,SUPP,SUPP,SUPP,SUPP,SUPP,SUPP,SUPP,SUPP,SUPP,SUPP,SUPP,SUPP,SUPP,SUPP,SUPP,SUPP,SUPP,SUPP,SUPP,SUPP,SUPP,SUPP,SUPP,SUPP,SUPP,SUPP,SUPP,SUPP,SUPP,SUPP,SUPP,SUPP,SUPP,SUPP,SUPP,SUPP,SUPP,SUPP,SUPP,SUPP,SUPP,SUPP,SUPP,SUPP,SUPP,SUPP,SUPP,SUPP,1,SUPP,SUPP,SUPP,SUPP,SUPP,SUPP,SUPP,SUPP,SUPP,SUPP,SUPP,SUPP,SUPP,SUPP,SUPP,SUPP,SUPP,SUPP,SUPP,SUPP,SUPP,SUPP,SUPP,SUPP,SUPP,SUPP,SUPP,SUPP,SUPP,SUPP,SUPP,SUPP,SUPP,SUPP,SUPP,SUPP,SUPP,SUPP,SUPP,SUPP,SUPP,SUPP,SUPP,SUPP,SUPP,SUPP,SUPP,SUPP,SUPP,SUPP,SUPP,SUPP,SUPP,SUPP,SUPP,SUPP
1,919,4200,137637,Birchwood High School,ACC,0,0,119,98,8,64,2,60,2,26,16,5,82%,7%,54%,2%,50%,2%,22%,13%,4%,12,6,2,4,SUPP,3,SUPP,0,5,1,50%,17%,33%,SUPP,25%,SUPP,0%,42%,8%,107,92,6,60,SUPP,57,SUPP,26,11,4,86%,6%,56%,SUPP,53%,SUPP,24%,10%,4%,114,94,6,64,2,60,2,24,15,5,82%,5%,56%,2%,53%,2%,21%,13%,4%,11,SUPP,SUPP,4,SUPP,3,SUPP,0,SUPP,1,SUPP,SUPP,36%,SUPP,27%,SUPP,0%,SUPP,9%,103,SUPP,SUPP,60,SUPP,57,SUPP,24,SUPP,4,SUPP,SUPP,58%,SUPP,55%,SUPP,23%,SUPP,4%,NA,NA,NA,NA,NA,NA,NA,NA,NA,NA,NA,NA,NA,NA,NA,NA,NA,NA,NA,NA,NA,NA,NA,NA,NA,NA,NA,NA,NA,NA,NA,NA,NA,NA,NA,NA,NA,NA,NA,NA,NA,NA,NA,NA,NA,NA,NA,NA,NA,NA,NA,NA,NA,NA,NA,NA,NA,5,SUPP,SUPP,SUPP,SUPP,SUPP,SUPP,SUPP,SUPP,SUPP,SUPP,SUPP,SUPP,SUPP,SUPP,SUPP,SUPP,SUPP,SUPP,1,SUPP,SUPP,SUPP,SUPP,SUPP,SUPP,SUPP,SUPP,SUPP,SUPP,SUPP,SUPP,SUPP,SUPP,SUPP,SUPP,SUPP,SUPP,4,SUPP,SUPP,SUPP,SUPP,SUPP,SUPP,SUPP,SUPP,SUPP,SUPP,SUPP,SUPP,SUPP,SUPP,SUPP,SUPP,SUPP,SUPP
1,919,4498,137090,The Chauncy School,ACC,0,0,102,95,2,64,8,54,2,29,5,2,93%,2%,63%,8%,53%,2%,28%,5%,2%,11,10,SUPP,6,SUPP,SUPP,SUPP,SUPP,SUPP,SUPP,91%,SUPP,55%,SUPP,SUPP,SUPP,SUPP,SUPP,SUPP,91,85,SUPP,58,SUPP,SUPP,SUPP,SUPP,SUPP,SUPP,93%,SUPP,64%,SUPP,SUPP,SUPP,SUPP,SUPP,SUPP,98,91,1,63,7,54,2,27,5,2,93%,1%,64%,7%,55%,2%,28%,5%,2%,10,9,SUPP,SUPP,0,SUPP,SUPP,SUPP,SUPP,SUPP,90%,SUPP,SUPP,0%,SUPP,SUPP,SUPP,SUPP,SUPP,88,82,SUPP,SUPP,7,SUPP,SUPP,SUPP,SUPP,SUPP,93%,SUPP,SUPP,8%,SUPP,SUPP,SUPP,SUPP,SUPP,2,SUPP,SUPP,SUPP,SUPP,SUPP,SUPP,SUPP,SUPP,SUPP,SUPP,SUPP,SUPP,SUPP,SUPP,SUPP,SUPP,SUPP,SUPP,SUPP,SUPP,SUPP,SUPP,SUPP,SUPP,SUPP,SUPP,SUPP,SUPP,SUPP,SUPP,SUPP,SUPP,SUPP,SUPP,SUPP,SUPP,SUPP,SUPP,SUPP,SUPP,SUPP,SUPP,SUPP,SUPP,SUPP,SUPP,SUPP,SUPP,SUPP,SUPP,SUPP,SUPP,SUPP,SUPP,SUPP,SUPP,2,SUPP,SUPP,SUPP,SUPP,SUPP,SUPP,SUPP,SUPP,SUPP,SUPP,SUPP,SUPP,SUPP,SUPP,SUPP,SUPP,SUPP,SUPP,SUPP,SUPP,SUPP,SUPP,SUPP,SUPP,SUPP,SUPP,SUPP,SUPP,SUPP,SUPP,SUPP,SUPP,SUPP,SUPP,SUPP,SUPP,SUPP,SUPP,SUPP,SUPP,SUPP,SUPP,SUPP,SUPP,SUPP,SUPP,SUPP,SUPP,SUPP,SUPP,SUPP,SUPP,SUPP,SUPP,SUPP,SUPP
1,919,4499,117552,The Astley Cooper School,CY,0,0,15,11,0,8,1,6,1,3,4,0,73%,0%,53%,7%,40%,7%,20%,27%,0%,5,SUPP,0,SUPP,SUPP,SUPP,SUPP,SUPP,SUPP,0,SUPP,0%,SUPP,SUPP,SUPP,SUPP,SUPP,SUPP,0%,10,8,0,6,SUPP,SUPP,SUPP,2,2,0,80%,0%,60%,SUPP,SUPP,SUPP,20%,20%,0%,14,11,0,8,1,6,1,3,3,0,79%,0%,57%,7%,43%,7%,21%,21%,0%,SUPP,SUPP,SUPP,SUPP,SUPP,SUPP,SUPP,SUPP,SUPP,SUPP,SUPP,SUPP,SUPP,SUPP,SUPP,SUPP,SUPP,SUPP,SUPP,SUPP,SUPP,SUPP,SUPP,SUPP,SUPP,SUPP,SUPP,SUPP,SUPP,SUPP,SUPP,SUPP,SUPP,SUPP,SUPP,SUPP,SUPP,SUPP,1,SUPP,SUPP,SUPP,SUPP,SUPP,SUPP,SUPP,SUPP,SUPP,SUPP,SUPP,SUPP,SUPP,SUPP,SUPP,SUPP,SUPP,SUPP,SUPP,SUPP,SUPP,SUPP,SUPP,SUPP,SUPP,SUPP,SUPP,SUPP,SUPP,SUPP,SUPP,SUPP,SUPP,SUPP,SUPP,SUPP,SUPP,SUPP,SUPP,SUPP,SUPP,SUPP,SUPP,SUPP,SUPP,SUPP,SUPP,SUPP,SUPP,SUPP,SUPP,SUPP,SUPP,SUPP,SUPP,SUPP,NA,NA,NA,NA,NA,NA,NA,NA,NA,NA,NA,NA,NA,NA,NA,NA,NA,NA,NA,NA,NA,NA,NA,NA,NA,NA,NA,NA,NA,NA,NA,NA,NA,NA,NA,NA,NA,NA,NA,NA,NA,NA,NA,NA,NA,NA,NA,NA,NA,NA,NA,NA,NA,NA,NA,NA,NA
1,919,4504,138352,Tring School,ACC,0,0,185,168,4,103,3,98,2,61,11,6,91%,2%,56%,2%,53%,1%,33%,6%,3%,8,5,0,4,0,4,0,1,2,1,63%,0%,50%,0%,50%,0%,13%,25%,13%,177,163,4,99,3,94,2,60,9,5,92%,2%,56%,2%,53%,1%,34%,5%,3%,183,166,4,103,3,98,2,59,11,6,91%,2%,56%,2%,54%,1%,32%,6%,3%,8,5,0,4,0,4,0,1,2,1,63%,0%,50%,0%,50%,0%,13%,25%,13%,175,161,4,99,3,94,2,58,9,5,92%,2%,57%,2%,54%,1%,33%,5%,3%,NA,NA,NA,NA,NA,NA,NA,NA,NA,NA,NA,NA,NA,NA,NA,NA,NA,NA,NA,NA,NA,NA,NA,NA,NA,NA,NA,NA,NA,NA,NA,NA,NA,NA,NA,NA,NA,NA,NA,NA,NA,NA,NA,NA,NA,NA,NA,NA,NA,NA,NA,NA,NA,NA,NA,NA,NA,2,SUPP,SUPP,SUPP,SUPP,SUPP,SUPP,SUPP,SUPP,SUPP,SUPP,SUPP,SUPP,SUPP,SUPP,SUPP,SUPP,SUPP,SUPP,0,SUPP,SUPP,SUPP,SUPP,SUPP,SUPP,SUPP,SUPP,SUPP,SUPP,SUPP,SUPP,SUPP,SUPP,SUPP,SUPP,SUPP,SUPP,2,SUPP,SUPP,SUPP,SUPP,SUPP,SUPP,SUPP,SUPP,SUPP,SUPP,SUPP,SUPP,SUPP,SUPP,SUPP,SUPP,SUPP,SUPP
1,919,4606,117555,Townsend VA Church of England,VA,0,0,22,20,1,15,0,15,0,4,1,1,91%,5%,68%,0%,68%,0%,18%,5%,5%,1,SUPP,SUPP,SUPP,0,SUPP,0,SUPP,SUPP,SUPP,SUPP,SUPP,SUPP,0%,SUPP,0%,SUPP,SUPP,SUPP,21,SUPP,SUPP,SUPP,0,SUPP,0,4,SUPP,SUPP,SUPP,SUPP,SUPP,0%,SUPP,0%,19%,SUPP,SUPP,22,20,1,15,0,15,0,4,1,1,91%,5%,68%,0%,68%,0%,18%,5%,5%,1,SUPP,SUPP,SUPP,0,SUPP,0,SUPP,SUPP,SUPP,SUPP,SUPP,SUPP,0%,SUPP,0%,SUPP,SUPP,SUPP,21,SUPP,SUPP,SUPP,0,SUPP,0,4,SUPP,SUPP,SUPP,SUPP,SUPP,0%,SUPP,0%,19%,SUPP,SUPP,NA,NA,NA,NA,NA,NA,NA,NA,NA,NA,NA,NA,NA,NA,NA,NA,NA,NA,NA,NA,NA,NA,NA,NA,NA,NA,NA,NA,NA,NA,NA,NA,NA,NA,NA,NA,NA,NA,NA,NA,NA,NA,NA,NA,NA,NA,NA,NA,NA,NA,NA,NA,NA,NA,NA,NA,NA,NA,NA,NA,NA,NA,NA,NA,NA,NA,NA,NA,NA,NA,NA,NA,NA,NA,NA,NA,NA,NA,NA,NA,NA,NA,NA,NA,NA,NA,NA,NA,NA,NA,NA,NA,NA,NA,NA,NA,NA,NA,NA,NA,NA,NA,NA,NA,NA,NA,NA,NA,NA,NA,NA,NA,NA,NA
1,919,4614,138356,St George's School,ACC,0,0,216,201,3,172,4,159,9,26,9,6,93%,1%,80%,2%,74%,4%,12%,4%,3%,8,6,0,6,0,6,0,0,2,0,75%,0%,75%,0%,75%,0%,0%,25%,0%,208,195,3,166,4,153,9,26,7,6,94%,1%,80%,2%,74%,4%,13%,3%,3%,216,201,3,172,4,159,9,26,9,6,93%,1%,80%,2%,74%,4%,12%,4%,3%,8,6,0,6,0,6,0,0,2,0,75%,0%,75%,0%,75%,0%,0%,25%,0%,208,195,3,166,4,153,9,26,7,6,94%,1%,80%,2%,74%,4%,13%,3%,3%,NA,NA,NA,NA,NA,NA,NA,NA,NA,NA,NA,NA,NA,NA,NA,NA,NA,NA,NA,NA,NA,NA,NA,NA,NA,NA,NA,NA,NA,NA,NA,NA,NA,NA,NA,NA,NA,NA,NA,NA,NA,NA,NA,NA,NA,NA,NA,NA,NA,NA,NA,NA,NA,NA,NA,NA,NA,NA,NA,NA,NA,NA,NA,NA,NA,NA,NA,NA,NA,NA,NA,NA,NA,NA,NA,NA,NA,NA,NA,NA,NA,NA,NA,NA,NA,NA,NA,NA,NA,NA,NA,NA,NA,NA,NA,NA,NA,NA,NA,NA,NA,NA,NA,NA,NA,NA,NA,NA,NA,NA,NA,NA,NA,NA
1,919,4619,117557,John F Kennedy Catholic School,VA,0,0,107,99,1,78,2,76,0,20,3,5,93%,1%,73%,2%,71%,0%,19%,3%,5%,9,SUPP,SUPP,4,SUPP,SUPP,0,SUPP,SUPP,SUPP,SUPP,SUPP,44%,SUPP,SUPP,0%,SUPP,SUPP,SUPP,98,SUPP,SUPP,74,SUPP,SUPP,0,SUPP,SUPP,SUPP,SUPP,SUPP,76%,SUPP,SUPP,0%,SUPP,SUPP,SUPP,105,97,0,78,2,76,0,19,3,5,92%,0%,74%,2%,72%,0%,18%,3%,5%,SUPP,SUPP,SUPP,SUPP,SUPP,SUPP,SUPP,SUPP,SUPP,SUPP,SUPP,SUPP,SUPP,SUPP,SUPP,SUPP,SUPP,SUPP,SUPP,SUPP,SUPP,SUPP,SUPP,SUPP,SUPP,SUPP,SUPP,SUPP,SUPP,SUPP,SUPP,SUPP,SUPP,SUPP,SUPP,SUPP,SUPP,SUPP,NA,NA,NA,NA,NA,NA,NA,NA,NA,NA,NA,NA,NA,NA,NA,NA,NA,NA,NA,NA,NA,NA,NA,NA,NA,NA,NA,NA,NA,NA,NA,NA,NA,NA,NA,NA,NA,NA,NA,NA,NA,NA,NA,NA,NA,NA,NA,NA,NA,NA,NA,NA,NA,NA,NA,NA,NA,2,SUPP,SUPP,SUPP,SUPP,SUPP,SUPP,SUPP,SUPP,SUPP,SUPP,SUPP,SUPP,SUPP,SUPP,SUPP,SUPP,SUPP,SUPP,SUPP,SUPP,SUPP,SUPP,SUPP,SUPP,SUPP,SUPP,SUPP,SUPP,SUPP,SUPP,SUPP,SUPP,SUPP,SUPP,SUPP,SUPP,SUPP,SUPP,SUPP,SUPP,SUPP,SUPP,SUPP,SUPP,SUPP,SUPP,SUPP,SUPP,SUPP,SUPP,SUPP,SUPP,SUPP,SUPP,SUPP,SUPP
1,919,4620,138106,Loreto College,ACC,0,0,81,69,1,61,1,58,2,7,3,9,85%,1%,75%,1%,72%,2%,9%,4%,11%,9,7,SUPP,SUPP,SUPP,SUPP,SUPP,SUPP,SUPP,SUPP,78%,SUPP,SUPP,SUPP,SUPP,SUPP,SUPP,SUPP,SUPP,72,62,SUPP,SUPP,SUPP,SUPP,SUPP,SUPP,SUPP,SUPP,86%,SUPP,SUPP,SUPP,SUPP,SUPP,SUPP,SUPP,SUPP,77,66,0,60,1,58,1,6,2,9,86%,0%,78%,1%,75%,1%,8%,3%,12%,8,SUPP,0,SUPP,SUPP,SUPP,SUPP,0,SUPP,SUPP,SUPP,0%,SUPP,SUPP,SUPP,SUPP,0%,SUPP,SUPP,69,SUPP,0,SUPP,SUPP,SUPP,SUPP,6,SUPP,SUPP,SUPP,0%,SUPP,SUPP,SUPP,SUPP,9%,SUPP,SUPP,1,SUPP,SUPP,SUPP,SUPP,SUPP,SUPP,SUPP,SUPP,SUPP,SUPP,SUPP,SUPP,SUPP,SUPP,SUPP,SUPP,SUPP,SUPP,SUPP,SUPP,SUPP,SUPP,SUPP,SUPP,SUPP,SUPP,SUPP,SUPP,SUPP,SUPP,SUPP,SUPP,SUPP,SUPP,SUPP,SUPP,SUPP,SUPP,SUPP,SUPP,SUPP,SUPP,SUPP,SUPP,SUPP,SUPP,SUPP,SUPP,SUPP,SUPP,SUPP,SUPP,SUPP,SUPP,SUPP,SUPP,3,SUPP,SUPP,SUPP,SUPP,SUPP,SUPP,SUPP,SUPP,SUPP,SUPP,SUPP,SUPP,SUPP,SUPP,SUPP,SUPP,SUPP,SUPP,SUPP,SUPP,SUPP,SUPP,SUPP,SUPP,SUPP,SUPP,SUPP,SUPP,SUPP,SUPP,SUPP,SUPP,SUPP,SUPP,SUPP,SUPP,SUPP,SUPP,SUPP,SUPP,SUPP,SUPP,SUPP,SUPP,SUPP,SUPP,SUPP,SUPP,SUPP,SUPP,SUPP,SUPP,SUPP,SUPP,SUPP,SUPP
1,919,4802,136922,Yavneh College,ACC,0,0,108,98,4,84,1,80,3,10,4,6,91%,4%,78%,1%,74%,3%,9%,4%,6%,13,12,SUPP,10,SUPP,9,SUPP,SUPP,SUPP,SUPP,92%,SUPP,77%,SUPP,69%,SUPP,SUPP,SUPP,SUPP,95,86,SUPP,74,SUPP,71,SUPP,SUPP,SUPP,SUPP,91%,SUPP,78%,SUPP,75%,SUPP,SUPP,SUPP,SUPP,105,95,4,82,0,80,2,9,4,6,90%,4%,78%,0%,76%,2%,9%,4%,6%,SUPP,SUPP,SUPP,SUPP,SUPP,SUPP,SUPP,SUPP,SUPP,SUPP,SUPP,SUPP,SUPP,SUPP,SUPP,SUPP,SUPP,SUPP,SUPP,SUPP,SUPP,SUPP,SUPP,SUPP,SUPP,SUPP,SUPP,SUPP,SUPP,SUPP,SUPP,SUPP,SUPP,SUPP,SUPP,SUPP,SUPP,SUPP,NA,NA,NA,NA,NA,NA,NA,NA,NA,NA,NA,NA,NA,NA,NA,NA,NA,NA,NA,NA,NA,NA,NA,NA,NA,NA,NA,NA,NA,NA,NA,NA,NA,NA,NA,NA,NA,NA,NA,NA,NA,NA,NA,NA,NA,NA,NA,NA,NA,NA,NA,NA,NA,NA,NA,NA,NA,3,SUPP,SUPP,SUPP,SUPP,SUPP,SUPP,SUPP,SUPP,SUPP,SUPP,SUPP,SUPP,SUPP,SUPP,SUPP,SUPP,SUPP,SUPP,SUPP,SUPP,SUPP,SUPP,SUPP,SUPP,SUPP,SUPP,SUPP,SUPP,SUPP,SUPP,SUPP,SUPP,SUPP,SUPP,SUPP,SUPP,SUPP,SUPP,SUPP,SUPP,SUPP,SUPP,SUPP,SUPP,SUPP,SUPP,SUPP,SUPP,SUPP,SUPP,SUPP,SUPP,SUPP,SUPP,SUPP,SUPP
1,919,5400,136606,Rickmansworth School,ACC,0,0,135,120,0,101,4,90,7,19,10,5,89%,0%,75%,3%,67%,5%,14%,7%,4%,12,11,0,8,1,5,2,3,SUPP,SUPP,92%,0%,67%,8%,42%,17%,25%,SUPP,SUPP,123,109,0,93,3,85,5,16,SUPP,SUPP,89%,0%,76%,2%,69%,4%,13%,SUPP,SUPP,132,119,0,100,4,90,6,19,9,4,90%,0%,76%,3%,68%,5%,14%,7%,3%,11,SUPP,0,SUPP,1,5,SUPP,3,0,SUPP,SUPP,0%,SUPP,9%,45%,SUPP,27%,0%,SUPP,121,SUPP,0,SUPP,3,85,SUPP,16,9,SUPP,SUPP,0%,SUPP,2%,70%,SUPP,13%,7%,SUPP,NA,NA,NA,NA,NA,NA,NA,NA,NA,NA,NA,NA,NA,NA,NA,NA,NA,NA,NA,NA,NA,NA,NA,NA,NA,NA,NA,NA,NA,NA,NA,NA,NA,NA,NA,NA,NA,NA,NA,NA,NA,NA,NA,NA,NA,NA,NA,NA,NA,NA,NA,NA,NA,NA,NA,NA,NA,3,SUPP,SUPP,SUPP,SUPP,SUPP,SUPP,SUPP,SUPP,SUPP,SUPP,SUPP,SUPP,SUPP,SUPP,SUPP,SUPP,SUPP,SUPP,1,SUPP,SUPP,SUPP,SUPP,SUPP,SUPP,SUPP,SUPP,SUPP,SUPP,SUPP,SUPP,SUPP,SUPP,SUPP,SUPP,SUPP,SUPP,2,SUPP,SUPP,SUPP,SUPP,SUPP,SUPP,SUPP,SUPP,SUPP,SUPP,SUPP,SUPP,SUPP,SUPP,SUPP,SUPP,SUPP,SUPP
1,919,5401,136276,Watford Grammar School for Boys,ACC,0,0,202,180,3,164,0,154,10,13,12,10,89%,1%,81%,0%,76%,5%,6%,6%,5%,12,SUPP,SUPP,11,0,SUPP,SUPP,SUPP,SUPP,SUPP,SUPP,SUPP,92%,0%,SUPP,SUPP,SUPP,SUPP,SUPP,190,SUPP,SUPP,153,0,SUPP,SUPP,SUPP,SUPP,SUPP,SUPP,SUPP,81%,0%,SUPP,SUPP,SUPP,SUPP,SUPP,201,180,3,164,0,154,10,13,12,9,90%,1%,82%,0%,77%,5%,6%,6%,4%,SUPP,SUPP,SUPP,SUPP,SUPP,SUPP,SUPP,SUPP,SUPP,SUPP,SUPP,SUPP,SUPP,SUPP,SUPP,SUPP,SUPP,SUPP,SUPP,SUPP,SUPP,SUPP,SUPP,SUPP,SUPP,SUPP,SUPP,SUPP,SUPP,SUPP,SUPP,SUPP,SUPP,SUPP,SUPP,SUPP,SUPP,SUPP,NA,NA,NA,NA,NA,NA,NA,NA,NA,NA,NA,NA,NA,NA,NA,NA,NA,NA,NA,NA,NA,NA,NA,NA,NA,NA,NA,NA,NA,NA,NA,NA,NA,NA,NA,NA,NA,NA,NA,NA,NA,NA,NA,NA,NA,NA,NA,NA,NA,NA,NA,NA,NA,NA,NA,NA,NA,1,SUPP,SUPP,SUPP,SUPP,SUPP,SUPP,SUPP,SUPP,SUPP,SUPP,SUPP,SUPP,SUPP,SUPP,SUPP,SUPP,SUPP,SUPP,SUPP,SUPP,SUPP,SUPP,SUPP,SUPP,SUPP,SUPP,SUPP,SUPP,SUPP,SUPP,SUPP,SUPP,SUPP,SUPP,SUPP,SUPP,SUPP,SUPP,SUPP,SUPP,SUPP,SUPP,SUPP,SUPP,SUPP,SUPP,SUPP,SUPP,SUPP,SUPP,SUPP,SUPP,SUPP,SUPP,SUPP,SUPP
1,919,5403,136289,Watford Grammar School for Girls,ACC,0,0,195,174,1,157,5,149,3,16,15,6,89%,1%,81%,3%,76%,2%,8%,8%,3%,12,8,SUPP,7,0,7,0,SUPP,4,0,67%,SUPP,58%,0%,58%,0%,SUPP,33%,0%,183,166,SUPP,150,5,142,3,SUPP,11,6,91%,SUPP,82%,3%,78%,2%,SUPP,6%,3%,195,174,1,157,5,149,3,16,15,6,89%,1%,81%,3%,76%,2%,8%,8%,3%,12,8,SUPP,7,0,7,0,SUPP,4,0,67%,SUPP,58%,0%,58%,0%,SUPP,33%,0%,183,166,SUPP,150,5,142,3,SUPP,11,6,91%,SUPP,82%,3%,78%,2%,SUPP,6%,3%,NA,NA,NA,NA,NA,NA,NA,NA,NA,NA,NA,NA,NA,NA,NA,NA,NA,NA,NA,NA,NA,NA,NA,NA,NA,NA,NA,NA,NA,NA,NA,NA,NA,NA,NA,NA,NA,NA,NA,NA,NA,NA,NA,NA,NA,NA,NA,NA,NA,NA,NA,NA,NA,NA,NA,NA,NA,NA,NA,NA,NA,NA,NA,NA,NA,NA,NA,NA,NA,NA,NA,NA,NA,NA,NA,NA,NA,NA,NA,NA,NA,NA,NA,NA,NA,NA,NA,NA,NA,NA,NA,NA,NA,NA,NA,NA,NA,NA,NA,NA,NA,NA,NA,NA,NA,NA,NA,NA,NA,NA,NA,NA,NA,NA
1,919,5404,136899,Parmiter's School,ACC,0,0,206,189,4,165,4,160,1,20,8,9,92%,2%,80%,2%,78%,SP,10%,4%,4%,12,11,0,7,0,SUPP,SUPP,4,0,1,92%,0%,58%,0%,SUPP,SUPP,33%,0%,8%,194,178,4,158,4,SUPP,SUPP,16,8,8,92%,2%,81%,2%,SUPP,SUPP,8%,4%,4%,203,186,4,165,4,160,1,17,8,9,92%,2%,81%,2%,79%,SP,8%,4%,4%,11,10,0,7,0,SUPP,SUPP,3,0,1,91%,0%,64%,0%,SUPP,SUPP,27%,0%,9%,192,176,4,158,4,SUPP,SUPP,14,8,8,92%,2%,82%,2%,SUPP,SUPP,7%,4%,4%,NA,NA,NA,NA,NA,NA,NA,NA,NA,NA,NA,NA,NA,NA,NA,NA,NA,NA,NA,NA,NA,NA,NA,NA,NA,NA,NA,NA,NA,NA,NA,NA,NA,NA,NA,NA,NA,NA,NA,NA,NA,NA,NA,NA,NA,NA,NA,NA,NA,NA,NA,NA,NA,NA,NA,NA,NA,3,SUPP,SUPP,SUPP,SUPP,SUPP,SUPP,SUPP,SUPP,SUPP,SUPP,SUPP,SUPP,SUPP,SUPP,SUPP,SUPP,SUPP,SUPP,1,SUPP,SUPP,SUPP,SUPP,SUPP,SUPP,SUPP,SUPP,SUPP,SUPP,SUPP,SUPP,SUPP,SUPP,SUPP,SUPP,SUPP,SUPP,2,SUPP,SUPP,SUPP,SUPP,SUPP,SUPP,SUPP,SUPP,SUPP,SUPP,SUPP,SUPP,SUPP,SUPP,SUPP,SUPP,SUPP,SUPP
1,919,5405,117577,The Bishop's Stortford High School,FD,0,0,183,168,8,133,3,128,2,27,8,7,92%,4%,73%,2%,70%,1%,15%,4%,4%,14,14,SUPP,11,SUPP,10,SUPP,SUPP,0,0,100%,SUPP,79%,SUPP,71%,SUPP,SUPP,0%,0%,169,154,SUPP,122,SUPP,118,SUPP,SUPP,8,7,91%,SUPP,72%,SUPP,70%,SUPP,SUPP,5%,4%,175,162,6,132,3,128,1,24,6,7,93%,3%,75%,2%,73%,1%,14%,3%,4%,13,13,SUPP,SUPP,SUPP,SUPP,SUPP,3,0,0,100%,SUPP,SUPP,SUPP,SUPP,SUPP,23%,0%,0%,162,149,SUPP,SUPP,SUPP,SUPP,SUPP,21,6,7,92%,SUPP,SUPP,SUPP,SUPP,SUPP,13%,4%,4%,NA,NA,NA,NA,NA,NA,NA,NA,NA,NA,NA,NA,NA,NA,NA,NA,NA,NA,NA,NA,NA,NA,NA,NA,NA,NA,NA,NA,NA,NA,NA,NA,NA,NA,NA,NA,NA,NA,NA,NA,NA,NA,NA,NA,NA,NA,NA,NA,NA,NA,NA,NA,NA,NA,NA,NA,NA,8,6,2,1,0,0,1,3,2,0,75%,25%,13%,0%,0%,13%,38%,25%,0%,1,SUPP,SUPP,SUPP,0,0,SUPP,SUPP,SUPP,0,SUPP,SUPP,SUPP,0%,0%,SUPP,SUPP,SUPP,0%,7,5,SUPP,SUPP,0,0,SUPP,SUPP,2,0,71%,SUPP,SUPP,0%,0%,SUPP,SUPP,29%,0%
1,919,5406,117578,Ashlyns School,FD,0,0,115,106,2,87,6,79,2,17,5,4,92%,2%,76%,5%,69%,2%,15%,4%,3%,5,SUPP,SUPP,SUPP,SUPP,SUPP,SUPP,SUPP,SUPP,SUPP,SUPP,SUPP,SUPP,SUPP,SUPP,SUPP,SUPP,SUPP,SUPP,110,102,SUPP,85,SUPP,SUPP,SUPP,SUPP,SUPP,SUPP,93%,SUPP,77%,SUPP,SUPP,SUPP,SUPP,SUPP,SUPP,111,104,1,86,6,79,1,17,4,3,94%,1%,77%,5%,71%,1%,15%,4%,3%,SUPP,SUPP,SUPP,SUPP,SUPP,SUPP,SUPP,SUPP,SUPP,SUPP,SUPP,SUPP,SUPP,SUPP,SUPP,SUPP,SUPP,SUPP,SUPP,SUPP,SUPP,SUPP,SUPP,SUPP,SUPP,SUPP,SUPP,SUPP,SUPP,SUPP,SUPP,SUPP,SUPP,SUPP,SUPP,SUPP,SUPP,SUPP,1,SUPP,SUPP,SUPP,SUPP,SUPP,SUPP,SUPP,SUPP,SUPP,SUPP,SUPP,SUPP,SUPP,SUPP,SUPP,SUPP,SUPP,SUPP,SUPP,SUPP,SUPP,SUPP,SUPP,SUPP,SUPP,SUPP,SUPP,SUPP,SUPP,SUPP,SUPP,SUPP,SUPP,SUPP,SUPP,SUPP,SUPP,SUPP,SUPP,SUPP,SUPP,SUPP,SUPP,SUPP,SUPP,SUPP,SUPP,SUPP,SUPP,SUPP,SUPP,SUPP,SUPP,SUPP,SUPP,SUPP,3,SUPP,SUPP,SUPP,SUPP,SUPP,SUPP,SUPP,SUPP,SUPP,SUPP,SUPP,SUPP,SUPP,SUPP,SUPP,SUPP,SUPP,SUPP,SUPP,SUPP,SUPP,SUPP,SUPP,SUPP,SUPP,SUPP,SUPP,SUPP,SUPP,SUPP,SUPP,SUPP,SUPP,SUPP,SUPP,SUPP,SUPP,SUPP,SUPP,SUPP,SUPP,SUPP,SUPP,SUPP,SUPP,SUPP,SUPP,SUPP,SUPP,SUPP,SUPP,SUPP,SUPP,SUPP,SUPP,SUPP
1,919,5407,136554,Dame Alice Owen's School,ACC,0,0,207,184,4,162,10,150,2,18,12,11,89%,2%,78%,5%,72%,1%,9%,6%,5%,4,SUPP,SUPP,SUPP,SUPP,SUPP,SUPP,SUPP,SUPP,SUPP,SUPP,SUPP,SUPP,SUPP,SUPP,SUPP,SUPP,SUPP,SUPP,203,181,SUPP,160,SUPP,SUPP,SUPP,SUPP,SUPP,SUPP,89%,SUPP,79%,SUPP,SUPP,SUPP,SUPP,SUPP,SUPP,205,183,4,162,10,150,2,17,11,11,89%,2%,79%,5%,73%,1%,8%,5%,5%,SUPP,SUPP,SUPP,SUPP,SUPP,SUPP,SUPP,SUPP,SUPP,SUPP,SUPP,SUPP,SUPP,SUPP,SUPP,SUPP,SUPP,SUPP,SUPP,SUPP,SUPP,SUPP,SUPP,SUPP,SUPP,SUPP,SUPP,SUPP,SUPP,SUPP,SUPP,SUPP,SUPP,SUPP,SUPP,SUPP,SUPP,SUPP,NA,NA,NA,NA,NA,NA,NA,NA,NA,NA,NA,NA,NA,NA,NA,NA,NA,NA,NA,NA,NA,NA,NA,NA,NA,NA,NA,NA,NA,NA,NA,NA,NA,NA,NA,NA,NA,NA,NA,NA,NA,NA,NA,NA,NA,NA,NA,NA,NA,NA,NA,NA,NA,NA,NA,NA,NA,2,SUPP,SUPP,SUPP,SUPP,SUPP,SUPP,SUPP,SUPP,SUPP,SUPP,SUPP,SUPP,SUPP,SUPP,SUPP,SUPP,SUPP,SUPP,SUPP,SUPP,SUPP,SUPP,SUPP,SUPP,SUPP,SUPP,SUPP,SUPP,SUPP,SUPP,SUPP,SUPP,SUPP,SUPP,SUPP,SUPP,SUPP,SUPP,SUPP,SUPP,SUPP,SUPP,SUPP,SUPP,SUPP,SUPP,SUPP,SUPP,SUPP,SUPP,SUPP,SUPP,SUPP,SUPP,SUPP,SUPP
1,919,5408,137872,Bushey Meads School,ACC,0,0,135,112,5,87,2,80,5,20,17,6,83%,4%,64%,1%,59%,4%,15%,13%,4%,22,20,1,14,SUPP,12,SUPP,5,SUPP,SUPP,91%,5%,64%,SUPP,55%,SUPP,23%,SUPP,SUPP,113,92,4,73,SUPP,68,SUPP,15,SUPP,SUPP,81%,4%,65%,SUPP,60%,SUPP,13%,SUPP,SUPP,129,110,4,86,2,80,4,20,15,4,85%,3%,67%,2%,62%,3%,16%,12%,3%,21,SUPP,SUPP,SUPP,0,SUPP,SUPP,SUPP,SUPP,0,SUPP,SUPP,SUPP,0%,SUPP,SUPP,SUPP,SUPP,0%,108,SUPP,SUPP,SUPP,2,SUPP,SUPP,SUPP,SUPP,4,SUPP,SUPP,SUPP,2%,SUPP,SUPP,SUPP,SUPP,4%,3,SUPP,SUPP,SUPP,SUPP,SUPP,SUPP,SUPP,SUPP,SUPP,SUPP,SUPP,SUPP,SUPP,SUPP,SUPP,SUPP,SUPP,SUPP,SUPP,SUPP,SUPP,SUPP,SUPP,SUPP,SUPP,SUPP,SUPP,SUPP,SUPP,SUPP,SUPP,SUPP,SUPP,SUPP,SUPP,SUPP,SUPP,SUPP,SUPP,SUPP,SUPP,SUPP,SUPP,SUPP,SUPP,SUPP,SUPP,SUPP,SUPP,SUPP,SUPP,SUPP,SUPP,SUPP,SUPP,SUPP,3,SUPP,SUPP,SUPP,SUPP,SUPP,SUPP,SUPP,SUPP,SUPP,SUPP,SUPP,SUPP,SUPP,SUPP,SUPP,SUPP,SUPP,SUPP,SUPP,SUPP,SUPP,SUPP,SUPP,SUPP,SUPP,SUPP,SUPP,SUPP,SUPP,SUPP,SUPP,SUPP,SUPP,SUPP,SUPP,SUPP,SUPP,SUPP,SUPP,SUPP,SUPP,SUPP,SUPP,SUPP,SUPP,SUPP,SUPP,SUPP,SUPP,SUPP,SUPP,SUPP,SUPP,SUPP,SUPP,SUPP
1,919,5410,136877,Queens' School,ACC,0,0,164,152,5,125,1,120,4,22,8,4,93%,3%,76%,1%,73%,2%,13%,5%,2%,12,11,SUPP,10,SUPP,SUPP,SUPP,SUPP,SUPP,SUPP,92%,SUPP,83%,SUPP,SUPP,SUPP,SUPP,SUPP,SUPP,152,141,SUPP,115,SUPP,SUPP,SUPP,SUPP,SUPP,SUPP,93%,SUPP,76%,SUPP,SUPP,SUPP,SUPP,SUPP,SUPP,162,150,4,125,1,120,4,21,8,4,93%,2%,77%,1%,74%,2%,13%,5%,2%,SUPP,SUPP,SUPP,SUPP,SUPP,SUPP,SUPP,SUPP,SUPP,SUPP,SUPP,SUPP,SUPP,SUPP,SUPP,SUPP,SUPP,SUPP,SUPP,SUPP,SUPP,SUPP,SUPP,SUPP,SUPP,SUPP,SUPP,SUPP,SUPP,SUPP,SUPP,SUPP,SUPP,SUPP,SUPP,SUPP,SUPP,SUPP,NA,NA,NA,NA,NA,NA,NA,NA,NA,NA,NA,NA,NA,NA,NA,NA,NA,NA,NA,NA,NA,NA,NA,NA,NA,NA,NA,NA,NA,NA,NA,NA,NA,NA,NA,NA,NA,NA,NA,NA,NA,NA,NA,NA,NA,NA,NA,NA,NA,NA,NA,NA,NA,NA,NA,NA,NA,2,SUPP,SUPP,SUPP,SUPP,SUPP,SUPP,SUPP,SUPP,SUPP,SUPP,SUPP,SUPP,SUPP,SUPP,SUPP,SUPP,SUPP,SUPP,SUPP,SUPP,SUPP,SUPP,SUPP,SUPP,SUPP,SUPP,SUPP,SUPP,SUPP,SUPP,SUPP,SUPP,SUPP,SUPP,SUPP,SUPP,SUPP,SUPP,SUPP,SUPP,SUPP,SUPP,SUPP,SUPP,SUPP,SUPP,SUPP,SUPP,SUPP,SUPP,SUPP,SUPP,SUPP,SUPP,SUPP,SUPP
1,919,5411,137224,Mount Grace School,ACC,0,0,52,43,6,21,1,19,1,16,7,2,83%,12%,40%,2%,37%,2%,31%,13%,4%,6,5,1,1,SUPP,SUPP,SUPP,3,SUPP,SUPP,83%,17%,17%,SUPP,SUPP,SUPP,50%,SUPP,SUPP,46,38,5,20,SUPP,SUPP,SUPP,13,SUPP,SUPP,83%,11%,43%,SUPP,SUPP,SUPP,28%,SUPP,SUPP,48,39,4,21,1,19,1,14,7,2,81%,8%,44%,2%,40%,2%,29%,15%,4%,5,SUPP,SUPP,SUPP,SUPP,SUPP,SUPP,SUPP,SUPP,SUPP,SUPP,SUPP,SUPP,SUPP,SUPP,SUPP,SUPP,SUPP,SUPP,43,35,SUPP,20,SUPP,SUPP,SUPP,SUPP,SUPP,SUPP,81%,SUPP,47%,SUPP,SUPP,SUPP,SUPP,SUPP,SUPP,1,SUPP,SUPP,SUPP,SUPP,SUPP,SUPP,SUPP,SUPP,SUPP,SUPP,SUPP,SUPP,SUPP,SUPP,SUPP,SUPP,SUPP,SUPP,SUPP,SUPP,SUPP,SUPP,SUPP,SUPP,SUPP,SUPP,SUPP,SUPP,SUPP,SUPP,SUPP,SUPP,SUPP,SUPP,SUPP,SUPP,SUPP,SUPP,SUPP,SUPP,SUPP,SUPP,SUPP,SUPP,SUPP,SUPP,SUPP,SUPP,SUPP,SUPP,SUPP,SUPP,SUPP,SUPP,SUPP,SUPP,3,SUPP,SUPP,SUPP,SUPP,SUPP,SUPP,SUPP,SUPP,SUPP,SUPP,SUPP,SUPP,SUPP,SUPP,SUPP,SUPP,SUPP,SUPP,SUPP,SUPP,SUPP,SUPP,SUPP,SUPP,SUPP,SUPP,SUPP,SUPP,SUPP,SUPP,SUPP,SUPP,SUPP,SUPP,SUPP,SUPP,SUPP,SUPP,SUPP,SUPP,SUPP,SUPP,SUPP,SUPP,SUPP,SUPP,SUPP,SUPP,SUPP,SUPP,SUPP,SUPP,SUPP,SUPP,SUPP,SUPP
1,919,5412,137938,Nicholas Breakspear Catholic School,ACC,0,0,27,21,2,11,0,10,1,8,5,1,78%,7%,41%,0%,37%,4%,30%,19%,4%,2,SUPP,SUPP,SUPP,0,SUPP,SUPP,SUPP,SUPP,SUPP,SUPP,SUPP,SUPP,0%,SUPP,SUPP,SUPP,SUPP,SUPP,25,SUPP,SUPP,10,0,SUPP,SUPP,SUPP,SUPP,SUPP,SUPP,SUPP,40%,0%,SUPP,SUPP,SUPP,SUPP,SUPP,24,18,1,10,0,10,0,7,5,1,75%,4%,42%,0%,42%,0%,29%,21%,4%,SUPP,SUPP,SUPP,SUPP,SUPP,SUPP,SUPP,SUPP,SUPP,SUPP,SUPP,SUPP,SUPP,SUPP,SUPP,SUPP,SUPP,SUPP,SUPP,SUPP,SUPP,SUPP,SUPP,SUPP,SUPP,SUPP,SUPP,SUPP,SUPP,SUPP,SUPP,SUPP,SUPP,SUPP,SUPP,SUPP,SUPP,SUPP,2,SUPP,SUPP,SUPP,SUPP,SUPP,SUPP,SUPP,SUPP,SUPP,SUPP,SUPP,SUPP,SUPP,SUPP,SUPP,SUPP,SUPP,SUPP,SUPP,SUPP,SUPP,SUPP,SUPP,SUPP,SUPP,SUPP,SUPP,SUPP,SUPP,SUPP,SUPP,SUPP,SUPP,SUPP,SUPP,SUPP,SUPP,SUPP,SUPP,SUPP,SUPP,SUPP,SUPP,SUPP,SUPP,SUPP,SUPP,SUPP,SUPP,SUPP,SUPP,SUPP,SUPP,SUPP,SUPP,SUPP,1,SUPP,SUPP,SUPP,SUPP,SUPP,SUPP,SUPP,SUPP,SUPP,SUPP,SUPP,SUPP,SUPP,SUPP,SUPP,SUPP,SUPP,SUPP,SUPP,SUPP,SUPP,SUPP,SUPP,SUPP,SUPP,SUPP,SUPP,SUPP,SUPP,SUPP,SUPP,SUPP,SUPP,SUPP,SUPP,SUPP,SUPP,SUPP,SUPP,SUPP,SUPP,SUPP,SUPP,SUPP,SUPP,SUPP,SUPP,SUPP,SUPP,SUPP,SUPP,SUPP,SUPP,SUPP,SUPP,SUPP
1,919,5413,137895,The Saint John Henry Newman Catholic School,ACC,0,0,167,153,2,118,9,104,5,33,14,0,92%,1%,71%,5%,62%,3%,20%,8%,0%,23,15,SUPP,13,SUPP,12,SUPP,SUPP,8,0,65%,SUPP,57%,SUPP,52%,SUPP,SUPP,35%,0%,144,138,SUPP,105,SUPP,92,SUPP,SUPP,6,0,96%,SUPP,73%,SUPP,64%,SUPP,SUPP,4%,0%,164,151,2,117,9,104,4,32,13,0,92%,1%,71%,5%,63%,2%,20%,8%,0%,22,SUPP,0,SUPP,SUPP,SUPP,SUPP,SUPP,SUPP,0,SUPP,0%,SUPP,SUPP,SUPP,SUPP,SUPP,SUPP,0%,142,SUPP,2,SUPP,SUPP,SUPP,SUPP,SUPP,SUPP,0,SUPP,1%,SUPP,SUPP,SUPP,SUPP,SUPP,SUPP,0%,2,SUPP,SUPP,SUPP,SUPP,SUPP,SUPP,SUPP,SUPP,SUPP,SUPP,SUPP,SUPP,SUPP,SUPP,SUPP,SUPP,SUPP,SUPP,SUPP,SUPP,SUPP,SUPP,SUPP,SUPP,SUPP,SUPP,SUPP,SUPP,SUPP,SUPP,SUPP,SUPP,SUPP,SUPP,SUPP,SUPP,SUPP,SUPP,SUPP,SUPP,SUPP,SUPP,SUPP,SUPP,SUPP,SUPP,SUPP,SUPP,SUPP,SUPP,SUPP,SUPP,SUPP,SUPP,SUPP,SUPP,1,SUPP,SUPP,SUPP,SUPP,SUPP,SUPP,SUPP,SUPP,SUPP,SUPP,SUPP,SUPP,SUPP,SUPP,SUPP,SUPP,SUPP,SUPP,SUPP,SUPP,SUPP,SUPP,SUPP,SUPP,SUPP,SUPP,SUPP,SUPP,SUPP,SUPP,SUPP,SUPP,SUPP,SUPP,SUPP,SUPP,SUPP,SUPP,SUPP,SUPP,SUPP,SUPP,SUPP,SUPP,SUPP,SUPP,SUPP,SUPP,SUPP,SUPP,SUPP,SUPP,SUPP,SUPP,SUPP,SUPP
1,919,5414,138042,The Marlborough Science Academy,ACC,0,0,109,100,3,76,2,72,2,21,8,1,92%,3%,70%,2%,66%,2%,19%,7%,1%,14,12,1,10,SUPP,9,SUPP,1,SUPP,SUPP,86%,7%,71%,SUPP,64%,SUPP,7%,SUPP,SUPP,95,88,2,66,SUPP,63,SUPP,20,SUPP,SUPP,93%,2%,69%,SUPP,66%,SUPP,21%,SUPP,SUPP,105,97,2,76,2,72,2,19,7,1,92%,2%,72%,2%,69%,2%,18%,7%,1%,13,SUPP,SUPP,10,SUPP,SUPP,SUPP,SUPP,SUPP,SUPP,SUPP,SUPP,77%,SUPP,SUPP,SUPP,SUPP,SUPP,SUPP,92,SUPP,SUPP,66,SUPP,SUPP,SUPP,SUPP,SUPP,SUPP,SUPP,SUPP,72%,SUPP,SUPP,SUPP,SUPP,SUPP,SUPP,1,SUPP,SUPP,SUPP,SUPP,SUPP,SUPP,SUPP,SUPP,SUPP,SUPP,SUPP,SUPP,SUPP,SUPP,SUPP,SUPP,SUPP,SUPP,SUPP,SUPP,SUPP,SUPP,SUPP,SUPP,SUPP,SUPP,SUPP,SUPP,SUPP,SUPP,SUPP,SUPP,SUPP,SUPP,SUPP,SUPP,SUPP,SUPP,SUPP,SUPP,SUPP,SUPP,SUPP,SUPP,SUPP,SUPP,SUPP,SUPP,SUPP,SUPP,SUPP,SUPP,SUPP,SUPP,SUPP,SUPP,3,SUPP,SUPP,SUPP,SUPP,SUPP,SUPP,SUPP,SUPP,SUPP,SUPP,SUPP,SUPP,SUPP,SUPP,SUPP,SUPP,SUPP,SUPP,SUPP,SUPP,SUPP,SUPP,SUPP,SUPP,SUPP,SUPP,SUPP,SUPP,SUPP,SUPP,SUPP,SUPP,SUPP,SUPP,SUPP,SUPP,SUPP,SUPP,SUPP,SUPP,SUPP,SUPP,SUPP,SUPP,SUPP,SUPP,SUPP,SUPP,SUPP,SUPP,SUPP,SUPP,SUPP,SUPP,SUPP,SUPP
1,919,5415,137532,Goffs Academy,ACC,0,0,152,135,9,99,3,92,4,27,15,2,89%,6%,65%,2%,61%,3%,18%,10%,1%,14,12,0,11,0,10,1,1,2,0,86%,0%,79%,0%,71%,7%,7%,14%,0%,138,123,9,88,3,82,3,26,13,2,89%,7%,64%,2%,59%,2%,19%,9%,1%,152,135,9,99,3,92,4,27,15,2,89%,6%,65%,2%,61%,3%,18%,10%,1%,14,12,0,11,0,10,1,1,2,0,86%,0%,79%,0%,71%,7%,7%,14%,0%,138,123,9,88,3,82,3,26,13,2,89%,7%,64%,2%,59%,2%,19%,9%,1%,NA,NA,NA,NA,NA,NA,NA,NA,NA,NA,NA,NA,NA,NA,NA,NA,NA,NA,NA,NA,NA,NA,NA,NA,NA,NA,NA,NA,NA,NA,NA,NA,NA,NA,NA,NA,NA,NA,NA,NA,NA,NA,NA,NA,NA,NA,NA,NA,NA,NA,NA,NA,NA,NA,NA,NA,NA,NA,NA,NA,NA,NA,NA,NA,NA,NA,NA,NA,NA,NA,NA,NA,NA,NA,NA,NA,NA,NA,NA,NA,NA,NA,NA,NA,NA,NA,NA,NA,NA,NA,NA,NA,NA,NA,NA,NA,NA,NA,NA,NA,NA,NA,NA,NA,NA,NA,NA,NA,NA,NA,NA,NA,NA,NA
1,919,5416,137156,Leventhorpe,ACC,0,0,135,116,6,75,4,70,1,35,15,4,86%,4%,56%,3%,52%,1%,26%,11%,3%,8,SUPP,SUPP,5,SUPP,4,SUPP,SUPP,SUPP,SUPP,SUPP,SUPP,63%,SUPP,50%,SUPP,SUPP,SUPP,SUPP,127,SUPP,SUPP,70,SUPP,66,SUPP,SUPP,SUPP,SUPP,SUPP,SUPP,55%,SUPP,52%,SUPP,SUPP,SUPP,SUPP,132,115,6,75,4,70,1,34,13,4,87%,5%,57%,3%,53%,1%,26%,10%,3%,SUPP,SUPP,SUPP,SUPP,SUPP,SUPP,SUPP,SUPP,SUPP,SUPP,SUPP,SUPP,SUPP,SUPP,SUPP,SUPP,SUPP,SUPP,SUPP,SUPP,SUPP,SUPP,SUPP,SUPP,SUPP,SUPP,SUPP,SUPP,SUPP,SUPP,SUPP,SUPP,SUPP,SUPP,SUPP,SUPP,SUPP,SUPP,1,SUPP,SUPP,SUPP,SUPP,SUPP,SUPP,SUPP,SUPP,SUPP,SUPP,SUPP,SUPP,SUPP,SUPP,SUPP,SUPP,SUPP,SUPP,SUPP,SUPP,SUPP,SUPP,SUPP,SUPP,SUPP,SUPP,SUPP,SUPP,SUPP,SUPP,SUPP,SUPP,SUPP,SUPP,SUPP,SUPP,SUPP,SUPP,SUPP,SUPP,SUPP,SUPP,SUPP,SUPP,SUPP,SUPP,SUPP,SUPP,SUPP,SUPP,SUPP,SUPP,SUPP,SUPP,SUPP,SUPP,2,SUPP,SUPP,SUPP,SUPP,SUPP,SUPP,SUPP,SUPP,SUPP,SUPP,SUPP,SUPP,SUPP,SUPP,SUPP,SUPP,SUPP,SUPP,SUPP,SUPP,SUPP,SUPP,SUPP,SUPP,SUPP,SUPP,SUPP,SUPP,SUPP,SUPP,SUPP,SUPP,SUPP,SUPP,SUPP,SUPP,SUPP,SUPP,SUPP,SUPP,SUPP,SUPP,SUPP,SUPP,SUPP,SUPP,SUPP,SUPP,SUPP,SUPP,SUPP,SUPP,SUPP,SUPP,SUPP,SUPP
1,919,5417,137922,Saint Michael's Catholic High School,ACC,0,0,84,77,1,55,4,50,1,21,7,0,92%,1%,65%,5%,60%,1%,25%,8%,0%,2,SUPP,SUPP,SUPP,SUPP,SUPP,SUPP,SUPP,SUPP,0,SUPP,SUPP,SUPP,SUPP,SUPP,SUPP,SUPP,SUPP,0%,82,SUPP,SUPP,54,SUPP,SUPP,SUPP,SUPP,SUPP,0,SUPP,SUPP,66%,SUPP,SUPP,SUPP,SUPP,SUPP,0%,81,75,1,55,4,50,1,19,6,0,93%,1%,68%,5%,62%,1%,23%,7%,0%,SUPP,SUPP,SUPP,SUPP,SUPP,SUPP,SUPP,SUPP,SUPP,SUPP,SUPP,SUPP,SUPP,SUPP,SUPP,SUPP,SUPP,SUPP,SUPP,SUPP,SUPP,SUPP,SUPP,SUPP,SUPP,SUPP,SUPP,SUPP,SUPP,SUPP,SUPP,SUPP,SUPP,SUPP,SUPP,SUPP,SUPP,SUPP,NA,NA,NA,NA,NA,NA,NA,NA,NA,NA,NA,NA,NA,NA,NA,NA,NA,NA,NA,NA,NA,NA,NA,NA,NA,NA,NA,NA,NA,NA,NA,NA,NA,NA,NA,NA,NA,NA,NA,NA,NA,NA,NA,NA,NA,NA,NA,NA,NA,NA,NA,NA,NA,NA,NA,NA,NA,3,SUPP,SUPP,SUPP,SUPP,SUPP,SUPP,SUPP,SUPP,SUPP,SUPP,SUPP,SUPP,SUPP,SUPP,SUPP,SUPP,SUPP,SUPP,SUPP,SUPP,SUPP,SUPP,SUPP,SUPP,SUPP,SUPP,SUPP,SUPP,SUPP,SUPP,SUPP,SUPP,SUPP,SUPP,SUPP,SUPP,SUPP,SUPP,SUPP,SUPP,SUPP,SUPP,SUPP,SUPP,SUPP,SUPP,SUPP,SUPP,SUPP,SUPP,SUPP,SUPP,SUPP,SUPP,SUPP,SUPP
1,919,5418,137914,Saint Joan of Arc Catholic School,ACC,0,0,71,65,9,39,1,38,0,17,4,2,92%,13%,55%,1%,54%,0%,24%,6%,3%,8,7,SUPP,5,SUPP,SUPP,0,SUPP,SUPP,SUPP,88%,SUPP,63%,SUPP,SUPP,0%,SUPP,SUPP,SUPP,63,58,SUPP,34,SUPP,SUPP,0,SUPP,SUPP,SUPP,92%,SUPP,54%,SUPP,SUPP,0%,SUPP,SUPP,SUPP,67,62,7,39,1,38,0,16,3,2,93%,10%,58%,1%,57%,0%,24%,4%,3%,SUPP,SUPP,SUPP,SUPP,SUPP,SUPP,SUPP,SUPP,SUPP,SUPP,SUPP,SUPP,SUPP,SUPP,SUPP,SUPP,SUPP,SUPP,SUPP,SUPP,SUPP,SUPP,SUPP,SUPP,SUPP,SUPP,SUPP,SUPP,SUPP,SUPP,SUPP,SUPP,SUPP,SUPP,SUPP,SUPP,SUPP,SUPP,NA,NA,NA,NA,NA,NA,NA,NA,NA,NA,NA,NA,NA,NA,NA,NA,NA,NA,NA,NA,NA,NA,NA,NA,NA,NA,NA,NA,NA,NA,NA,NA,NA,NA,NA,NA,NA,NA,NA,NA,NA,NA,NA,NA,NA,NA,NA,NA,NA,NA,NA,NA,NA,NA,NA,NA,NA,4,SUPP,SUPP,SUPP,SUPP,SUPP,SUPP,SUPP,SUPP,SUPP,SUPP,SUPP,SUPP,SUPP,SUPP,SUPP,SUPP,SUPP,SUPP,SUPP,SUPP,SUPP,SUPP,SUPP,SUPP,SUPP,SUPP,SUPP,SUPP,SUPP,SUPP,SUPP,SUPP,SUPP,SUPP,SUPP,SUPP,SUPP,SUPP,SUPP,SUPP,SUPP,SUPP,SUPP,SUPP,SUPP,SUPP,SUPP,SUPP,SUPP,SUPP,SUPP,SUPP,SUPP,SUPP,SUPP,SUPP
1,919,5419,147246,Chancellor's School,ACC,0,0,106,87,4,64,1,62,1,19,9,10,82%,4%,60%,1%,58%,1%,18%,8%,9%,6,5,0,5,SUPP,SUPP,SUPP,0,1,0,83%,0%,83%,SUPP,SUPP,SUPP,0%,17%,0%,100,82,4,59,SUPP,SUPP,SUPP,19,8,10,82%,4%,59%,SUPP,SUPP,SUPP,19%,8%,10%,106,87,4,64,1,62,1,19,9,10,82%,4%,60%,1%,58%,1%,18%,8%,9%,6,5,0,5,SUPP,SUPP,SUPP,0,1,0,83%,0%,83%,SUPP,SUPP,SUPP,0%,17%,0%,100,82,4,59,SUPP,SUPP,SUPP,19,8,10,82%,4%,59%,SUPP,SUPP,SUPP,19%,8%,10%,NA,NA,NA,NA,NA,NA,NA,NA,NA,NA,NA,NA,NA,NA,NA,NA,NA,NA,NA,NA,NA,NA,NA,NA,NA,NA,NA,NA,NA,NA,NA,NA,NA,NA,NA,NA,NA,NA,NA,NA,NA,NA,NA,NA,NA,NA,NA,NA,NA,NA,NA,NA,NA,NA,NA,NA,NA,NA,NA,NA,NA,NA,NA,NA,NA,NA,NA,NA,NA,NA,NA,NA,NA,NA,NA,NA,NA,NA,NA,NA,NA,NA,NA,NA,NA,NA,NA,NA,NA,NA,NA,NA,NA,NA,NA,NA,NA,NA,NA,NA,NA,NA,NA,NA,NA,NA,NA,NA,NA,NA,NA,NA,NA,NA
1,919,5420,140786,The Hertfordshire & Essex High School and Science College,ACC,0,0,192,180,5,150,1,148,1,25,9,3,94%,3%,78%,1%,77%,1%,13%,5%,2%,8,SUPP,SUPP,7,SUPP,SUPP,SUPP,SUPP,SUPP,SUPP,SUPP,SUPP,88%,SUPP,SUPP,SUPP,SUPP,SUPP,SUPP,184,SUPP,SUPP,143,SUPP,SUPP,SUPP,SUPP,SUPP,SUPP,SUPP,SUPP,78%,SUPP,SUPP,SUPP,SUPP,SUPP,SUPP,189,178,4,149,1,148,0,25,9,2,94%,2%,79%,1%,78%,0%,13%,5%,1%,SUPP,SUPP,SUPP,SUPP,SUPP,SUPP,SUPP,SUPP,SUPP,SUPP,SUPP,SUPP,SUPP,SUPP,SUPP,SUPP,SUPP,SUPP,SUPP,SUPP,SUPP,SUPP,SUPP,SUPP,SUPP,SUPP,SUPP,SUPP,SUPP,SUPP,SUPP,SUPP,SUPP,SUPP,SUPP,SUPP,SUPP,SUPP,NA,NA,NA,NA,NA,NA,NA,NA,NA,NA,NA,NA,NA,NA,NA,NA,NA,NA,NA,NA,NA,NA,NA,NA,NA,NA,NA,NA,NA,NA,NA,NA,NA,NA,NA,NA,NA,NA,NA,NA,NA,NA,NA,NA,NA,NA,NA,NA,NA,NA,NA,NA,NA,NA,NA,NA,NA,3,SUPP,SUPP,SUPP,SUPP,SUPP,SUPP,SUPP,SUPP,SUPP,SUPP,SUPP,SUPP,SUPP,SUPP,SUPP,SUPP,SUPP,SUPP,SUPP,SUPP,SUPP,SUPP,SUPP,SUPP,SUPP,SUPP,SUPP,SUPP,SUPP,SUPP,SUPP,SUPP,SUPP,SUPP,SUPP,SUPP,SUPP,SUPP,SUPP,SUPP,SUPP,SUPP,SUPP,SUPP,SUPP,SUPP,SUPP,SUPP,SUPP,SUPP,SUPP,SUPP,SUPP,SUPP,SUPP,SUPP
1,919,5421,136901,St Clement Danes School,ACC,0,0,170,153,3,131,7,124,0,19,10,7,90%,2%,77%,4%,73%,0%,11%,6%,4%,9,SUPP,SUPP,6,1,5,0,2,SUPP,SUPP,SUPP,SUPP,67%,11%,56%,0%,22%,SUPP,SUPP,161,SUPP,SUPP,125,6,119,0,17,SUPP,SUPP,SUPP,SUPP,78%,4%,74%,0%,11%,SUPP,SUPP,167,152,2,131,7,124,0,19,9,6,91%,1%,78%,4%,74%,0%,11%,5%,4%,8,SUPP,SUPP,6,1,5,0,SUPP,0,SUPP,SUPP,SUPP,75%,13%,63%,0%,SUPP,0%,SUPP,159,SUPP,SUPP,125,6,119,0,SUPP,9,SUPP,SUPP,SUPP,79%,4%,75%,0%,SUPP,6%,SUPP,NA,NA,NA,NA,NA,NA,NA,NA,NA,NA,NA,NA,NA,NA,NA,NA,NA,NA,NA,NA,NA,NA,NA,NA,NA,NA,NA,NA,NA,NA,NA,NA,NA,NA,NA,NA,NA,NA,NA,NA,NA,NA,NA,NA,NA,NA,NA,NA,NA,NA,NA,NA,NA,NA,NA,NA,NA,3,SUPP,SUPP,SUPP,SUPP,SUPP,SUPP,SUPP,SUPP,SUPP,SUPP,SUPP,SUPP,SUPP,SUPP,SUPP,SUPP,SUPP,SUPP,1,SUPP,SUPP,SUPP,SUPP,SUPP,SUPP,SUPP,SUPP,SUPP,SUPP,SUPP,SUPP,SUPP,SUPP,SUPP,SUPP,SUPP,SUPP,2,SUPP,SUPP,SUPP,SUPP,SUPP,SUPP,SUPP,SUPP,SUPP,SUPP,SUPP,SUPP,SUPP,SUPP,SUPP,SUPP,SUPP,SUPP
1,919,5422,148499,St Mary's Catholic School,ACC,0,0,61,58,4,50,2,46,2,4,3,0,95%,7%,82%,3%,75%,3%,7%,5%,0%,6,SUPP,SUPP,3,0,3,0,1,SUPP,0,SUPP,SUPP,50%,0%,50%,0%,17%,SUPP,0%,55,SUPP,SUPP,47,2,43,2,3,SUPP,0,SUPP,SUPP,85%,4%,78%,4%,5%,SUPP,0%,59,56,4,48,2,46,0,4,3,0,95%,7%,81%,3%,78%,0%,7%,5%,0%,6,SUPP,SUPP,3,0,3,0,1,SUPP,0,SUPP,SUPP,50%,0%,50%,0%,17%,SUPP,0%,53,SUPP,SUPP,45,2,43,0,3,SUPP,0,SUPP,SUPP,85%,4%,81%,0%,6%,SUPP,0%,NA,NA,NA,NA,NA,NA,NA,NA,NA,NA,NA,NA,NA,NA,NA,NA,NA,NA,NA,NA,NA,NA,NA,NA,NA,NA,NA,NA,NA,NA,NA,NA,NA,NA,NA,NA,NA,NA,NA,NA,NA,NA,NA,NA,NA,NA,NA,NA,NA,NA,NA,NA,NA,NA,NA,NA,NA,2,SUPP,SUPP,SUPP,SUPP,SUPP,SUPP,SUPP,SUPP,SUPP,SUPP,SUPP,SUPP,SUPP,SUPP,SUPP,SUPP,SUPP,SUPP,0,SUPP,SUPP,SUPP,SUPP,SUPP,SUPP,SUPP,SUPP,SUPP,SUPP,SUPP,SUPP,SUPP,SUPP,SUPP,SUPP,SUPP,SUPP,2,SUPP,SUPP,SUPP,SUPP,SUPP,SUPP,SUPP,SUPP,SUPP,SUPP,SUPP,SUPP,SUPP,SUPP,SUPP,SUPP,SUPP,SUPP
1,919,5423,138360,St Mary's Church of England High School (VA),ACC,0,0,59,55,1,51,2,45,4,3,2,2,93%,2%,86%,3%,76%,7%,5%,3%,3%,14,SUPP,SUPP,13,SUPP,11,SUPP,SUPP,SUPP,SUPP,SUPP,SUPP,93%,SUPP,79%,SUPP,SUPP,SUPP,SUPP,45,SUPP,SUPP,38,SUPP,34,SUPP,SUPP,SUPP,SUPP,SUPP,SUPP,84%,SUPP,76%,SUPP,SUPP,SUPP,SUPP,53,50,1,47,2,45,0,2,2,1,94%,2%,89%,4%,85%,0%,4%,4%,2%,13,SUPP,SUPP,SUPP,SUPP,SUPP,0,SUPP,0,SUPP,SUPP,SUPP,SUPP,SUPP,SUPP,0%,SUPP,0%,SUPP,40,SUPP,SUPP,SUPP,SUPP,SUPP,0,SUPP,2,SUPP,SUPP,SUPP,SUPP,SUPP,SUPP,0%,SUPP,5%,SUPP,5,SUPP,SUPP,SUPP,SUPP,SUPP,SUPP,SUPP,SUPP,SUPP,SUPP,SUPP,SUPP,SUPP,SUPP,SUPP,SUPP,SUPP,SUPP,SUPP,SUPP,SUPP,SUPP,SUPP,SUPP,SUPP,SUPP,SUPP,SUPP,SUPP,SUPP,SUPP,SUPP,SUPP,SUPP,SUPP,SUPP,SUPP,SUPP,SUPP,SUPP,SUPP,SUPP,SUPP,SUPP,SUPP,SUPP,SUPP,SUPP,SUPP,SUPP,SUPP,SUPP,SUPP,SUPP,SUPP,SUPP,1,SUPP,SUPP,SUPP,SUPP,SUPP,SUPP,SUPP,SUPP,SUPP,SUPP,SUPP,SUPP,SUPP,SUPP,SUPP,SUPP,SUPP,SUPP,SUPP,SUPP,SUPP,SUPP,SUPP,SUPP,SUPP,SUPP,SUPP,SUPP,SUPP,SUPP,SUPP,SUPP,SUPP,SUPP,SUPP,SUPP,SUPP,SUPP,SUPP,SUPP,SUPP,SUPP,SUPP,SUPP,SUPP,SUPP,SUPP,SUPP,SUPP,SUPP,SUPP,SUPP,SUPP,SUPP,SUPP,SUPP
1,919,5426,136607,The John Warner School,ACC,0,0,112,97,11,53,9,42,2,33,8,7,87%,10%,47%,8%,38%,2%,29%,7%,6%,19,16,2,8,SUPP,4,SUPP,6,2,1,84%,11%,42%,SUPP,21%,SUPP,32%,11%,5%,93,81,9,45,SUPP,38,SUPP,27,6,6,87%,10%,48%,SUPP,41%,SUPP,29%,6%,6%,103,90,10,51,8,42,1,29,7,6,87%,10%,50%,8%,41%,1%,28%,7%,6%,SUPP,SUPP,SUPP,SUPP,SUPP,SUPP,SUPP,SUPP,SUPP,SUPP,SUPP,SUPP,SUPP,SUPP,SUPP,SUPP,SUPP,SUPP,SUPP,SUPP,SUPP,SUPP,SUPP,SUPP,SUPP,SUPP,SUPP,SUPP,SUPP,SUPP,SUPP,SUPP,SUPP,SUPP,SUPP,SUPP,SUPP,SUPP,6,4,1,2,1,0,1,1,1,1,67%,17%,33%,17%,0%,17%,17%,17%,17%,SUPP,SUPP,SUPP,SUPP,SUPP,SUPP,SUPP,SUPP,SUPP,SUPP,SUPP,SUPP,SUPP,SUPP,SUPP,SUPP,SUPP,SUPP,SUPP,SUPP,SUPP,SUPP,SUPP,SUPP,SUPP,SUPP,SUPP,SUPP,SUPP,SUPP,SUPP,SUPP,SUPP,SUPP,SUPP,SUPP,SUPP,SUPP,3,SUPP,SUPP,SUPP,SUPP,SUPP,SUPP,SUPP,SUPP,SUPP,SUPP,SUPP,SUPP,SUPP,SUPP,SUPP,SUPP,SUPP,SUPP,0,SUPP,SUPP,SUPP,SUPP,SUPP,SUPP,SUPP,SUPP,SUPP,SUPP,SUPP,SUPP,SUPP,SUPP,SUPP,SUPP,SUPP,SUPP,3,SUPP,SUPP,SUPP,SUPP,SUPP,SUPP,SUPP,SUPP,SUPP,SUPP,SUPP,SUPP,SUPP,SUPP,SUPP,SUPP,SUPP,SUPP
1,919,5427,136482,Hockerill Anglo-European College,ACC,0,0,126,92,0,86,4,79,3,6,6,28,73%,0%,68%,3%,63%,2%,5%,5%,22%,5,SUPP,0,SUPP,SUPP,SUPP,SUPP,SUPP,SUPP,SUPP,SUPP,0%,SUPP,SUPP,SUPP,SUPP,SUPP,SUPP,SUPP,121,89,0,SUPP,SUPP,77,SUPP,SUPP,SUPP,SUPP,74%,0%,SUPP,SUPP,64%,SUPP,SUPP,SUPP,SUPP,123,89,0,83,4,79,0,6,6,28,72%,0%,67%,3%,64%,0%,5%,5%,23%,SUPP,SUPP,SUPP,SUPP,SUPP,SUPP,SUPP,SUPP,SUPP,SUPP,SUPP,SUPP,SUPP,SUPP,SUPP,SUPP,SUPP,SUPP,SUPP,SUPP,SUPP,SUPP,SUPP,SUPP,SUPP,SUPP,SUPP,SUPP,SUPP,SUPP,SUPP,SUPP,SUPP,SUPP,SUPP,SUPP,SUPP,SUPP,1,SUPP,SUPP,SUPP,SUPP,SUPP,SUPP,SUPP,SUPP,SUPP,SUPP,SUPP,SUPP,SUPP,SUPP,SUPP,SUPP,SUPP,SUPP,SUPP,SUPP,SUPP,SUPP,SUPP,SUPP,SUPP,SUPP,SUPP,SUPP,SUPP,SUPP,SUPP,SUPP,SUPP,SUPP,SUPP,SUPP,SUPP,SUPP,SUPP,SUPP,SUPP,SUPP,SUPP,SUPP,SUPP,SUPP,SUPP,SUPP,SUPP,SUPP,SUPP,SUPP,SUPP,SUPP,SUPP,SUPP,2,SUPP,SUPP,SUPP,SUPP,SUPP,SUPP,SUPP,SUPP,SUPP,SUPP,SUPP,SUPP,SUPP,SUPP,SUPP,SUPP,SUPP,SUPP,0,SUPP,SUPP,SUPP,SUPP,SUPP,SUPP,SUPP,SUPP,SUPP,SUPP,SUPP,SUPP,SUPP,SUPP,SUPP,SUPP,SUPP,SUPP,2,SUPP,SUPP,SUPP,SUPP,SUPP,SUPP,SUPP,SUPP,SUPP,SUPP,SUPP,SUPP,SUPP,SUPP,SUPP,SUPP,SUPP,SUPP
1,919,6905,135876,Future Academies Watford,AC,0,0,59,48,0,39,4,35,0,9,10,1,81%,0%,66%,7%,59%,0%,15%,17%,2%,11,9,0,8,0,8,0,1,SUPP,SUPP,82%,0%,73%,0%,73%,0%,9%,SUPP,SUPP,48,39,0,31,4,27,0,8,SUPP,SUPP,81%,0%,65%,8%,56%,0%,17%,SUPP,SUPP,59,48,0,39,4,35,0,9,10,1,81%,0%,66%,7%,59%,0%,15%,17%,2%,11,9,0,8,0,8,0,1,SUPP,SUPP,82%,0%,73%,0%,73%,0%,9%,SUPP,SUPP,48,39,0,31,4,27,0,8,SUPP,SUPP,81%,0%,65%,8%,56%,0%,17%,SUPP,SUPP,NA,NA,NA,NA,NA,NA,NA,NA,NA,NA,NA,NA,NA,NA,NA,NA,NA,NA,NA,NA,NA,NA,NA,NA,NA,NA,NA,NA,NA,NA,NA,NA,NA,NA,NA,NA,NA,NA,NA,NA,NA,NA,NA,NA,NA,NA,NA,NA,NA,NA,NA,NA,NA,NA,NA,NA,NA,NA,NA,NA,NA,NA,NA,NA,NA,NA,NA,NA,NA,NA,NA,NA,NA,NA,NA,NA,NA,NA,NA,NA,NA,NA,NA,NA,NA,NA,NA,NA,NA,NA,NA,NA,NA,NA,NA,NA,NA,NA,NA,NA,NA,NA,NA,NA,NA,NA,NA,NA,NA,NA,NA,NA,NA,NA
1,919,8019,130720,West Herts College,General Further Education College,0,0,2614,1940,142,1156,748,403,5,642,504,170,74%,5%,44%,29%,15%,SP,25%,19%,7%,720,494,31,294,216,75,3,169,181,45,69%,4%,41%,30%,10%,SP,23%,25%,6%,1894,1446,111,862,532,328,2,473,323,125,76%,6%,46%,28%,17%,SP,25%,17%,7%,1200,959,46,589,190,398,1,324,180,61,80%,4%,49%,16%,33%,SP,27%,15%,5%,243,193,7,115,SUPP,SUPP,SUPP,71,43,7,79%,3%,47%,SUPP,SUPP,SUPP,29%,18%,3%,957,766,39,474,SUPP,SUPP,SUPP,253,137,54,80%,4%,50%,SUPP,SUPP,SUPP,26%,14%,6%,810,628,55,387,379,5,3,186,132,50,78%,7%,48%,47%,1%,SP,23%,16%,6%,266,198,12,135,132,SUPP,SUPP,51,56,12,74%,5%,51%,50%,SUPP,SUPP,19%,21%,5%,544,430,43,252,247,SUPP,SUPP,135,76,38,79%,8%,46%,45%,SUPP,SUPP,25%,14%,7%,604,353,41,180,179,0,1,132,192,59,58%,7%,30%,30%,0%,SP,22%,32%,10%,211,103,12,44,SUPP,0,SUPP,47,82,26,49%,6%,21%,SUPP,0%,SUPP,22%,39%,12%,393,250,29,136,SUPP,0,SUPP,85,110,33,64%,7%,35%,SUPP,0%,SUPP,22%,28%,8%
1,919,8020,130721,North Hertfordshire College,General Further Education College,0,0,899,629,75,259,182,75,2,295,203,67,70%,8%,29%,20%,8%,SP,33%,23%,7%,284,174,19,81,63,SUPP,SUPP,74,91,19,61%,7%,29%,22%,SUPP,SUPP,26%,32%,7%,615,455,56,178,119,SUPP,SUPP,221,112,48,74%,9%,29%,19%,SUPP,SUPP,36%,18%,8%,272,222,8,118,43,74,1,96,39,11,82%,3%,43%,16%,27%,SP,35%,14%,4%,56,40,2,30,SUPP,17,SUPP,8,13,3,71%,4%,54%,SUPP,30%,SUPP,14%,23%,5%,216,182,6,88,SUPP,57,SUPP,88,26,8,84%,3%,41%,SUPP,26%,SUPP,41%,12%,4%,272,209,33,80,79,1,0,96,48,15,77%,12%,29%,29%,SP,0%,35%,18%,6%,87,54,9,17,SUPP,SUPP,0,28,28,5,62%,10%,20%,SUPP,SUPP,0%,32%,32%,6%,185,155,24,63,SUPP,SUPP,0,68,20,10,84%,13%,34%,SUPP,SUPP,0%,37%,11%,5%,355,198,34,61,60,0,1,103,116,41,56%,10%,17%,17%,0%,SP,29%,33%,12%,141,80,8,34,SUPP,0,SUPP,38,50,11,57%,6%,24%,SUPP,0%,SUPP,27%,35%,8%,214,118,26,27,SUPP,0,SUPP,65,66,30,55%,12%,13%,SUPP,0%,SUPP,30%,31%,14%
1,919,8021,130722,Hertford Regional College,General Further Education College,0,0,1065,758,77,393,240,148,5,288,240,67,71%,7%,37%,23%,14%,SP,27%,23%,6%,326,215,20,135,91,42,2,60,86,25,66%,6%,41%,28%,13%,1%,18%,26%,8%,739,543,57,258,149,106,3,228,154,42,73%,8%,35%,20%,14%,SP,31%,21%,6%,449,367,18,209,64,144,1,140,64,18,82%,4%,47%,14%,32%,SP,31%,14%,4%,110,86,2,63,SUPP,42,SUPP,21,21,3,78%,2%,57%,SUPP,38%,SUPP,19%,19%,3%,339,281,16,146,SUPP,102,SUPP,119,43,15,83%,5%,43%,SUPP,30%,SUPP,35%,13%,4%,354,243,33,115,108,4,3,95,95,16,69%,9%,32%,31%,1%,1%,27%,27%,5%,105,67,8,40,39,0,1,19,32,6,64%,8%,38%,37%,0%,1%,18%,30%,6%,249,176,25,75,69,4,2,76,63,10,71%,10%,30%,28%,2%,1%,31%,25%,4%,262,148,26,69,68,0,1,53,81,33,56%,10%,26%,26%,0%,SP,20%,31%,13%,111,62,10,32,SUPP,0,SUPP,20,33,16,56%,9%,29%,SUPP,0%,SUPP,18%,30%,14%,151,86,16,37,SUPP,0,SUPP,33,48,17,57%,11%,25%,SUPP,0%,SUPP,22%,32%,11%
1,919,8022,130723,Oaklands College,General Further Education College,0,0,1504,1146,105,636,438,185,13,405,251,107,76%,7%,42%,29%,12%,1%,27%,17%,7%,403,291,23,158,121,33,4,110,84,28,72%,6%,39%,30%,8%,1%,27%,21%,7%,1101,855,82,478,317,152,9,295,167,79,78%,7%,43%,29%,14%,1%,27%,15%,7%,660,563,35,342,157,182,3,186,67,30,85%,5%,52%,24%,28%,SP,28%,10%,5%,123,102,2,71,38,32,1,29,17,4,83%,2%,58%,31%,26%,1%,24%,14%,3%,537,461,33,271,119,150,2,157,50,26,86%,6%,50%,22%,28%,SP,29%,9%,5%,461,351,45,175,166,3,6,131,82,28,76%,10%,38%,36%,1%,1%,28%,18%,6%,143,108,14,50,48,1,1,44,31,4,76%,10%,35%,34%,1%,1%,31%,22%,3%,318,243,31,125,118,2,5,87,51,24,76%,10%,39%,37%,1%,2%,27%,16%,8%,383,232,25,119,115,0,4,88,102,49,61%,7%,31%,30%,0%,1%,23%,27%,13%,137,81,7,37,35,0,2,37,36,20,59%,5%,27%,26%,0%,1%,27%,26%,15%,246,151,18,82,80,0,2,51,66,29,61%,7%,33%,33%,0%,1%,21%,27%,12%
LA,919,,,,,,,14014,11519,651,7861,1824,5843,194,3007,1789,706,82%,5%,56%,13%,42%,1%,22%,13%,5%,2495,1805,120,1130,520,580,30,560,550,135,72%,5%,45%,21%,23%,1%,22%,22%,6%,11520,9710,535,6730,1305,5260,165,2450,1235,570,84%,5%,58%,11%,46%,1%,21%,11%,5%,10269,8982,317,6635,665,5830,140,2030,894,393,88%,3%,65%,7%,57%,1%,20%,9%,4%,1240,1020,30,735,140,580,20,255,185,35,82%,2%,59%,11%,47%,2%,21%,15%,3%,9030,7960,285,5900,525,5250,120,1775,710,360,88%,3%,65%,6%,58%,1%,20%,8%,4%,1980,1488,184,773,734,13,26,531,376,116,75%,9%,39%,37%,1%,1%,27%,19%,6%,630,445,45,245,235,SN,5,155,160,30,70%,7%,39%,38%,SP,1%,24%,25%,5%,1350,1045,140,530,495,10,20,380,215,85,78%,10%,39%,37%,1%,2%,28%,16%,7%,1765,1049,150,453,425,0,28,446,519,197,59%,9%,26%,24%,0%,2%,25%,29%,11%,625,340,40,150,140,0,10,150,210,75,55%,7%,24%,23%,0%,1%,24%,33%,12%,1140,705,110,305,285,0,20,295,310,125,62%,10%,27%,25%,0%,2%,26%,27%,11%
NAT,,,,,,,,542787,431179,34795,281586,71315,193684,16587,114798,83763,27845,79%,6%,52%,13%,36%,3%,21%,15%,5%,134254,94700,6630,63694,23798,35227,4669,24376,32846,6708,71%,5%,47%,18%,26%,4%,18%,25%,5%,408533,336479,28165,217892,47517,158457,11918,90422,50917,21137,82%,7%,53%,12%,39%,3%,22%,13%,5%,368563,316352,15239,227895,26463,192911,8521,73218,38061,14150,86%,4%,62%,7%,52%,2%,20%,10%,4%,70366,57403,1982,44054,7154,34953,1947,11367,10685,2278,82%,3%,63%,10%,50%,3%,16%,15%,3%,298197,258949,13257,183841,19309,157958,6574,61851,27376,11872,87%,4%,62%,7%,53%,2%,21%,9%,4%,89034,65167,9589,33328,27358,773,5197,22250,19085,4782,73%,11%,37%,31%,1%,6%,25%,21%,5%,31475,21116,2159,12446,10257,274,1915,6511,8923,1436,67%,7%,40%,33%,1%,6%,21%,28%,5%,57559,44051,7430,20882,17101,499,3282,15739,10162,3346,77%,13%,36%,30%,1%,6%,27%,18%,6%,85190,49660,9967,20363,17494,0,2869,19330,26617,8913,58%,12%,24%,21%,0%,3%,23%,31%,11%,32413,16181,2489,7194,6387,0,807,6498,13238,2994,50%,8%,22%,20%,0%,3%,20%,41%,9%,52777,33479,7478,13169,11107,0,2062,12832,13379,5919,63%,14%,25%,21%,0%,4%,24%,25%,11%