URN,LA,Estab,SCHOOLTYPE,NOR,NORG,NORB,PNORG,PNORB,TSENELSE,PSENELSE,TSENELK,PSENELK,NUMEAL,NUMENGFL,NUMUNCFL,PNUMEAL,PNUMENGFL,PNUMUNCFL,NUMFSM,NUMFSMEVER,NORFSMEVER,PNUMFSMEVER
102256,919,6239,Independent school,185,111,74,60.0%,40.0%,2,1.1%,26,14.1%,NA,NA,NA,NA,NA,NA,NA,NA,NA,NA
117065,919,1000,State-funded nursery,77,40,37,51.9%,48.1%,0,0.0%,5,6.5%,9,68,0,11.7%,88.3%,0.0%,0,0,0,0.0%
117066,919,1002,State-funded nursery,136,76,60,55.9%,44.1%,13,9.6%,17,12.5%,59,77,0,43.4%,56.6%,0.0%,0,0,0,0.0%
117067,919,1003,State-funded nursery,124,63,61,50.8%,49.2%,6,4.8%,11,8.9%,35,88,1,28.2%,71.0%,0.8%,0,0,0,0.0%
117068,919,1006,State-funded nursery,84,40,44,47.6%,52.4%,0,0.0%,1,1.2%,20,64,0,23.8%,76.2%,0.0%,0,0,0,0.0%
117069,919,1008,State-funded nursery,175,86,89,49.1%,50.9%,9,5.1%,9,5.1%,39,136,0,22.3%,77.7%,0.0%,0,0,0,0.0%
117070,919,1009,State-funded nursery,77,48,29,62.3%,37.7%,0,0.0%,6,7.8%,21,56,0,27.3%,72.7%,0.0%,0,0,0,0.0%
117071,919,1010,State-funded nursery,107,47,60,43.9%,56.1%,5,4.7%,7,6.5%,29,78,0,27.1%,72.9%,0.0%,0,0,0,0.0%
117072,919,1011,State-funded nursery,138,67,71,48.6%,51.4%,7,5.1%,26,18.8%,11,127,0,8.0%,92.0%,0.0%,0,0,0,0.0%
117076,919,1016,State-funded nursery,102,51,51,50.0%,50.0%,0,0.0%,7,6.9%,31,71,0,30.4%,69.6%,0.0%,0,0,0,0.0%
117077,919,1017,State-funded nursery,90,43,47,47.8%,52.2%,1,1.1%,7,7.8%,21,69,0,23.3%,76.7%,0.0%,0,0,0,0.0%
117078,919,1018,State-funded nursery,66,28,38,42.4%,57.6%,0,0.0%,12,18.2%,4,62,0,6.1%,93.9%,0.0%,0,0,1,0.0%
117079,919,1019,State-funded nursery,168,83,85,49.4%,50.6%,12,7.1%,16,9.5%,25,143,0,14.9%,85.1%,0.0%,0,0,0,0.0%
117080,919,1022,State-funded nursery,124,57,67,46.0%,54.0%,3,2.4%,22,17.7%,22,101,1,17.7%,81.5%,0.8%,0,0,0,0.0%
117083,919,2000,State-funded primary,434,210,224,48.4%,51.6%,5,1.2%,61,14.1%,39,395,0,9.0%,91.0%,0.0%,43,48,407,11.8%
117084,919,2002,State-funded primary,216,110,106,50.9%,49.1%,0,0.0%,29,13.4%,10,206,0,4.6%,95.4%,0.0%,14,15,197,7.6%
117087,919,2011,State-funded primary,74,38,36,51.4%,48.6%,0,0.0%,6,8.1%,0,74,0,0.0%,100.0%,0.0%,5,6,66,9.1%
117088,919,2012,State-funded primary,238,109,129,45.8%,54.2%,8,3.4%,18,7.6%,49,189,0,20.6%,79.4%,0.0%,13,14,210,6.7%
117089,919,2013,State-funded primary,434,231,203,53.2%,46.8%,3,0.7%,57,13.1%,151,283,0,34.8%,65.2%,0.0%,69,70,399,17.5%
117090,919,2014,State-funded primary,209,100,109,47.8%,52.2%,1,0.5%,19,9.1%,29,180,0,13.9%,86.1%,0.0%,12,12,171,7.0%
117091,919,2016,State-funded primary,197,108,89,54.8%,45.2%,4,2.0%,37,18.8%,96,101,0,48.7%,51.3%,0.0%,96,97,175,55.4%
117092,919,2017,State-funded primary,202,96,106,47.5%,52.5%,1,0.5%,24,11.9%,115,87,0,56.9%,43.1%,0.0%,58,62,182,34.1%
117093,919,2019,State-funded primary,229,117,112,51.1%,48.9%,6,2.6%,30,13.1%,24,205,0,10.5%,89.5%,0.0%,15,15,212,7.1%
117096,919,2022,State-funded primary,230,115,115,50.0%,50.0%,2,0.9%,45,19.6%,56,174,0,24.3%,75.7%,0.0%,41,41,214,19.2%
117097,919,2023,State-funded primary,225,106,119,47.1%,52.9%,4,1.8%,40,17.8%,26,199,0,11.6%,88.4%,0.0%,59,60,225,26.7%
117098,919,2025,State-funded primary,221,109,112,49.3%,50.7%,1,0.5%,19,8.6%,22,199,0,10.0%,90.0%,0.0%,15,16,209,7.7%
117099,919,2030,State-funded primary,436,212,224,48.6%,51.4%,13,3.0%,44,10.1%,178,258,0,40.8%,59.2%,0.0%,105,107,397,27.0%
117100,919,2031,State-funded primary,94,36,58,38.3%,61.7%,2,2.1%,9,9.6%,3,91,0,3.2%,96.8%,0.0%,5,5,85,5.9%
117101,919,2032,State-funded primary,41,22,19,53.7%,46.3%,0,0.0%,4,9.8%,7,34,0,17.1%,82.9%,0.0%,17,18,41,43.9%
117102,919,2033,State-funded primary,192,90,102,46.9%,53.1%,12,6.3%,25,13.0%,23,169,0,12.0%,88.0%,0.0%,54,59,192,30.7%
117103,919,2034,State-funded primary,205,92,113,44.9%,55.1%,4,2.0%,12,5.9%,40,165,0,19.5%,80.5%,0.0%,10,10,205,4.9%
117105,919,2039,State-funded primary,414,206,208,49.8%,50.2%,5,1.2%,42,10.1%,109,305,0,26.3%,73.7%,0.0%,32,36,414,8.7%
117106,919,2040,State-funded primary,232,99,133,42.7%,57.3%,7,3.0%,26,11.2%,53,179,0,22.8%,77.2%,0.0%,43,44,207,21.3%
117107,919,2041,State-funded primary,233,113,120,48.5%,51.5%,7,3.0%,17,7.3%,20,209,4,8.6%,89.7%,1.7%,13,13,207,6.3%
117108,919,2044,State-funded primary,239,112,127,46.9%,53.1%,7,2.9%,8,3.3%,32,207,0,13.4%,86.6%,0.0%,7,7,210,3.3%
117109,919,2045,State-funded primary,434,221,213,50.9%,49.1%,13,3.0%,82,18.9%,109,325,0,25.1%,74.9%,0.0%,99,99,416,23.8%
117110,919,2047,State-funded primary,413,193,220,46.7%,53.3%,13,3.1%,44,10.7%,108,305,0,26.2%,73.8%,0.0%,95,95,413,23.0%
117111,919,2050,State-funded primary,228,116,112,50.9%,49.1%,4,1.8%,24,10.5%,47,181,0,20.6%,79.4%,0.0%,30,37,204,18.1%
117112,919,2053,State-funded primary,21,10,11,47.6%,52.4%,1,4.8%,5,23.8%,0,21,0,0.0%,100.0%,0.0%,5,5,21,23.8%
117113,919,2055,State-funded primary,217,123,94,56.7%,43.3%,0,0.0%,18,8.3%,24,193,0,11.1%,88.9%,0.0%,8,8,178,4.5%
117114,919,2056,State-funded primary,198,112,86,56.6%,43.4%,5,2.5%,20,10.1%,26,172,0,13.1%,86.9%,0.0%,12,13,172,7.6%
117115,919,2057,State-funded primary,435,220,215,50.6%,49.4%,9,2.1%,78,17.9%,56,379,0,12.9%,87.1%,0.0%,36,37,410,9.0%
117117,919,2061,State-funded primary,110,52,58,47.3%,52.7%,2,1.8%,19,17.3%,3,107,0,2.7%,97.3%,0.0%,12,13,110,11.8%
117118,919,2062,State-funded primary,176,84,92,47.7%,52.3%,2,1.1%,27,15.3%,3,173,0,1.7%,98.3%,0.0%,29,31,161,19.3%
117119,919,2064,State-funded primary,82,31,51,37.8%,62.2%,4,4.9%,14,17.1%,5,77,0,6.1%,93.9%,0.0%,5,5,82,6.1%
117120,919,2066,State-funded primary,427,201,226,47.1%,52.9%,3,0.7%,29,6.8%,21,406,0,4.9%,95.1%,0.0%,43,51,400,12.8%
117123,919,2069,State-funded primary,212,96,116,45.3%,54.7%,4,1.9%,25,11.8%,28,184,0,13.2%,86.8%,0.0%,49,49,176,27.8%
117125,919,2072,State-funded primary,209,117,92,56.0%,44.0%,9,4.3%,23,11.0%,11,198,0,5.3%,94.7%,0.0%,35,35,188,18.6%
117126,919,2073,State-funded primary,125,53,72,42.4%,57.6%,2,1.6%,17,13.6%,15,110,0,12.0%,88.0%,0.0%,21,21,116,18.1%
117127,919,2074,State-funded primary,218,114,104,52.3%,47.7%,4,1.8%,19,8.7%,13,205,0,6.0%,94.0%,0.0%,30,32,199,16.1%
117128,919,2077,State-funded primary,143,65,78,45.5%,54.5%,3,2.1%,24,16.8%,3,140,0,2.1%,97.9%,0.0%,24,25,143,17.5%
117129,919,2078,State-funded primary,45,23,22,51.1%,48.9%,1,2.2%,4,8.9%,5,40,0,11.1%,88.9%,0.0%,5,5,39,12.8%
117130,919,2079,State-funded primary,428,198,230,46.3%,53.7%,16,3.7%,56,13.1%,69,359,0,16.1%,83.9%,0.0%,27,28,397,7.1%
117131,919,2082,State-funded primary,240,115,125,47.9%,52.1%,6,2.5%,22,9.2%,25,215,0,10.4%,89.6%,0.0%,2,5,210,2.4%
117132,919,2083,State-funded primary,348,177,171,50.9%,49.1%,5,1.4%,46,13.2%,76,271,1,21.8%,77.9%,0.3%,12,16,348,4.6%
117133,919,2084,State-funded primary,292,140,152,47.9%,52.1%,3,1.0%,12,4.1%,44,248,0,15.1%,84.9%,0.0%,12,12,254,4.7%
117134,919,2085,State-funded primary,311,167,144,53.7%,46.3%,0,0.0%,38,12.2%,43,262,6,13.8%,84.2%,1.9%,19,21,272,7.7%
117135,919,2090,State-funded primary,309,152,157,49.2%,50.8%,8,2.6%,23,7.4%,57,252,0,18.4%,81.6%,0.0%,12,12,267,4.5%
117136,919,2091,State-funded primary,235,121,114,51.5%,48.5%,6,2.6%,31,13.2%,38,195,2,16.2%,83.0%,0.9%,22,22,206,10.7%
117140,919,2096,State-funded primary,321,152,169,47.4%,52.6%,5,1.6%,20,6.2%,64,257,0,19.9%,80.1%,0.0%,19,20,291,6.9%
117141,919,2098,State-funded primary,198,105,93,53.0%,47.0%,4,2.0%,23,11.6%,29,168,1,14.6%,84.8%,0.5%,19,19,198,9.6%
117143,919,2100,State-funded primary,354,166,188,46.9%,53.1%,9,2.5%,32,9.0%,53,301,0,15.0%,85.0%,0.0%,32,33,354,9.3%
117144,919,2101,State-funded primary,76,26,50,34.2%,65.8%,1,1.3%,15,19.7%,5,71,0,6.6%,93.4%,0.0%,8,10,76,13.2%
117145,919,2102,State-funded primary,209,101,108,48.3%,51.7%,6,2.9%,27,12.9%,33,176,0,15.8%,84.2%,0.0%,39,40,196,20.4%
117146,919,2103,State-funded primary,187,93,94,49.7%,50.3%,7,3.7%,15,8.0%,49,138,0,26.2%,73.8%,0.0%,50,51,163,31.3%
117147,919,2105,State-funded primary,60,29,31,48.3%,51.7%,3,5.0%,8,13.3%,2,58,0,3.3%,96.7%,0.0%,4,4,60,6.7%
117148,919,2106,State-funded primary,166,85,81,51.2%,48.8%,7,4.2%,20,12.0%,36,130,0,21.7%,78.3%,0.0%,32,32,159,20.1%
117149,919,2107,State-funded primary,217,107,110,49.3%,50.7%,4,1.8%,8,3.7%,11,206,0,5.1%,94.9%,0.0%,8,8,181,4.4%
117150,919,2108,State-funded primary,177,92,85,52.0%,48.0%,4,2.3%,16,9.0%,26,151,0,14.7%,85.3%,0.0%,43,45,164,27.4%
117151,919,2109,State-funded primary,303,146,157,48.2%,51.8%,6,2.0%,32,10.6%,32,271,0,10.6%,89.4%,0.0%,46,46,260,17.7%
117153,919,2111,State-funded primary,54,19,35,35.2%,64.8%,0,0.0%,14,25.9%,0,54,0,0.0%,100.0%,0.0%,9,9,54,16.7%
117154,919,2114,State-funded primary,114,59,55,51.8%,48.2%,0,0.0%,19,16.7%,3,111,0,2.6%,97.4%,0.0%,20,21,114,18.4%
117156,919,2116,State-funded primary,403,200,203,49.6%,50.4%,20,5.0%,55,13.6%,325,78,0,80.6%,19.4%,0.0%,74,76,373,20.4%
117157,919,2117,State-funded primary,174,87,87,50.0%,50.0%,1,0.6%,4,2.3%,40,134,0,23.0%,77.0%,0.0%,7,7,174,4.0%
117158,919,2120,State-funded primary,239,123,116,51.5%,48.5%,3,1.3%,15,6.3%,191,44,4,79.9%,18.4%,1.7%,32,33,239,13.8%
117159,919,2122,State-funded primary,221,120,101,54.3%,45.7%,6,2.7%,19,8.6%,212,9,0,95.9%,4.1%,0.0%,22,21,175,12.0%
117160,919,2123,State-funded primary,265,129,136,48.7%,51.3%,9,3.4%,41,15.5%,135,130,0,50.9%,49.1%,0.0%,58,60,265,22.6%
117161,919,2124,State-funded primary,231,110,121,47.6%,52.4%,3,1.3%,21,9.1%,126,99,6,54.5%,42.9%,2.6%,27,27,174,15.5%
117162,919,2125,State-funded primary,237,114,123,48.1%,51.9%,9,3.8%,33,13.9%,92,144,1,38.8%,60.8%,0.4%,34,35,237,14.8%
117163,919,2126,State-funded primary,202,105,97,52.0%,48.0%,3,1.5%,19,9.4%,91,108,3,45.0%,53.5%,1.5%,14,14,178,7.9%
117166,919,2131,State-funded primary,232,113,119,48.7%,51.3%,4,1.7%,30,12.9%,98,134,0,42.2%,57.8%,0.0%,21,21,206,10.2%
117167,919,2132,State-funded primary,357,165,192,46.2%,53.8%,8,2.2%,38,10.6%,102,255,0,28.6%,71.4%,0.0%,18,25,357,7.0%
117168,919,2133,State-funded primary,225,113,112,50.2%,49.8%,7,3.1%,47,20.9%,53,172,0,23.6%,76.4%,0.0%,55,59,225,26.2%
117171,919,2139,State-funded primary,230,117,113,50.9%,49.1%,2,0.9%,33,14.3%,4,226,0,1.7%,98.3%,0.0%,14,16,176,9.1%
117174,919,2142,State-funded primary,224,107,117,47.8%,52.2%,9,4.0%,21,9.4%,29,194,1,12.9%,86.6%,0.4%,24,27,207,13.0%
117175,919,2143,State-funded primary,406,188,218,46.3%,53.7%,15,3.7%,43,10.6%,62,344,0,15.3%,84.7%,0.0%,140,141,406,34.7%
117176,919,2145,State-funded primary,48,23,25,47.9%,52.1%,2,4.2%,3,6.3%,2,46,0,4.2%,95.8%,0.0%,5,6,43,14.0%
117177,919,2146,State-funded primary,99,42,57,42.4%,57.6%,2,2.0%,14,14.1%,6,93,0,6.1%,93.9%,0.0%,20,20,99,20.2%
117178,919,2147,State-funded primary,439,224,215,51.0%,49.0%,6,1.4%,65,14.8%,35,404,0,8.0%,92.0%,0.0%,84,87,409,21.3%
117180,919,2151,State-funded primary,397,188,209,47.4%,52.6%,17,4.3%,43,10.8%,167,229,1,42.1%,57.7%,0.3%,130,135,397,34.0%
117181,919,2153,State-funded primary,225,123,102,54.7%,45.3%,6,2.7%,27,12.0%,48,177,0,21.3%,78.7%,0.0%,65,65,196,33.2%
117182,919,2154,State-funded primary,352,175,177,49.7%,50.3%,11,3.1%,29,8.2%,160,192,0,45.5%,54.5%,0.0%,74,77,329,23.4%
117183,919,2155,State-funded primary,199,104,95,52.3%,47.7%,6,3.0%,46,23.1%,61,138,0,30.7%,69.3%,0.0%,44,44,175,25.1%
117186,919,2165,State-funded primary,256,135,121,52.7%,47.3%,3,1.2%,41,16.0%,31,225,0,12.1%,87.9%,0.0%,69,69,218,31.7%
117187,919,2166,State-funded primary,339,170,169,50.1%,49.9%,3,0.9%,48,14.2%,47,290,2,13.9%,85.5%,0.6%,91,91,339,26.8%
117188,919,2168,State-funded primary,135,82,53,60.7%,39.3%,8,5.9%,15,11.1%,39,96,0,28.9%,71.1%,0.0%,44,44,125,35.2%
117189,919,2169,State-funded primary,227,100,127,44.1%,55.9%,10,4.4%,63,27.8%,73,153,1,32.2%,67.4%,0.4%,74,79,199,39.7%
117193,919,2177,State-funded primary,201,97,104,48.3%,51.7%,9,4.5%,35,17.4%,71,130,0,35.3%,64.7%,0.0%,45,46,177,26.0%
117194,919,2178,State-funded primary,125,61,64,48.8%,51.2%,4,3.2%,43,34.4%,32,93,0,25.6%,74.4%,0.0%,47,49,116,42.2%
117195,919,2181,State-funded primary,194,84,110,43.3%,56.7%,5,2.6%,37,19.1%,70,124,0,36.1%,63.9%,0.0%,41,51,175,29.1%
117197,919,2184,State-funded primary,217,108,109,49.8%,50.2%,6,2.8%,29,13.4%,39,178,0,18.0%,82.0%,0.0%,33,33,179,18.4%
117200,919,2188,State-funded primary,286,147,139,51.4%,48.6%,10,3.5%,70,24.5%,82,204,0,28.7%,71.3%,0.0%,97,103,274,37.6%
117202,919,2193,State-funded primary,136,62,74,45.6%,54.4%,9,6.6%,25,18.4%,32,103,1,23.5%,75.7%,0.7%,32,33,127,26.0%
117206,919,2198,State-funded primary,623,294,329,47.2%,52.8%,16,2.6%,127,20.4%,82,541,0,13.2%,86.8%,0.0%,138,144,623,23.1%
117211,919,2203,State-funded primary,332,147,185,44.3%,55.7%,10,3.0%,36,10.8%,23,309,0,6.9%,93.1%,0.0%,4,4,313,1.3%
117214,919,2210,State-funded primary,203,103,100,50.7%,49.3%,6,3.0%,55,27.1%,43,160,0,21.2%,78.8%,0.0%,52,53,193,27.5%
117217,919,2219,State-funded primary,179,89,90,49.7%,50.3%,5,2.8%,17,9.5%,57,121,1,31.8%,67.6%,0.6%,50,51,179,28.5%
117218,919,2223,State-funded primary,51,25,26,49.0%,51.0%,1,2.0%,18,35.3%,1,50,0,2.0%,98.0%,0.0%,9,9,32,28.1%
117219,919,2224,State-funded primary,230,118,112,51.3%,48.7%,11,4.8%,38,16.5%,71,159,0,30.9%,69.1%,0.0%,31,35,202,17.3%
117220,919,2225,State-funded primary,454,213,241,46.9%,53.1%,8,1.8%,45,9.9%,163,291,0,35.9%,64.1%,0.0%,63,63,419,15.0%
117221,919,2226,State-funded primary,317,154,163,48.6%,51.4%,8,2.5%,36,11.4%,29,288,0,9.1%,90.9%,0.0%,73,75,317,23.7%
117222,919,2227,State-funded primary,320,169,151,52.8%,47.2%,3,0.9%,31,9.7%,46,274,0,14.4%,85.6%,0.0%,12,13,320,4.1%
117223,919,2228,State-funded primary,176,83,93,47.2%,52.8%,4,2.3%,30,17.0%,17,159,0,9.7%,90.3%,0.0%,48,49,142,34.5%
117224,919,2229,State-funded primary,176,82,94,46.6%,53.4%,5,2.8%,27,15.3%,16,160,0,9.1%,90.9%,0.0%,35,39,161,24.2%
117227,919,2237,State-funded primary,191,97,94,50.8%,49.2%,4,2.1%,16,8.4%,20,170,1,10.5%,89.0%,0.5%,32,33,182,18.1%
117229,919,2240,State-funded primary,419,202,217,48.2%,51.8%,8,1.9%,62,14.8%,58,361,0,13.8%,86.2%,0.0%,95,99,383,25.8%
117230,919,2242,State-funded primary,231,114,117,49.4%,50.6%,0,0.0%,34,14.7%,16,215,0,6.9%,93.1%,0.0%,23,23,211,10.9%
117231,919,2243,State-funded primary,219,110,109,50.2%,49.8%,7,3.2%,48,21.9%,46,173,0,21.0%,79.0%,0.0%,83,85,207,41.1%
117233,919,2250,State-funded primary,334,154,180,46.1%,53.9%,15,4.5%,27,8.1%,69,265,0,20.7%,79.3%,0.0%,94,101,334,30.2%
117234,919,2251,State-funded primary,216,104,112,48.1%,51.9%,5,2.3%,53,24.5%,63,153,0,29.2%,70.8%,0.0%,60,61,202,30.2%
117235,919,2252,State-funded primary,220,100,120,45.5%,54.5%,5,2.3%,19,8.6%,27,193,0,12.3%,87.7%,0.0%,22,39,197,19.8%
117236,919,2253,State-funded primary,438,201,237,45.9%,54.1%,10,2.3%,37,8.4%,31,407,0,7.1%,92.9%,0.0%,66,68,397,17.1%
117242,919,2261,State-funded primary,233,109,124,46.8%,53.2%,4,1.7%,34,14.6%,57,176,0,24.5%,75.5%,0.0%,34,35,233,15.0%
117243,919,2263,State-funded primary,233,120,113,51.5%,48.5%,4,1.7%,18,7.7%,15,218,0,6.4%,93.6%,0.0%,19,22,211,10.4%
117245,919,2266,State-funded primary,341,165,176,48.4%,51.6%,5,1.5%,14,4.1%,115,225,1,33.7%,66.0%,0.3%,17,18,311,5.8%
117249,919,2274,State-funded primary,227,106,121,46.7%,53.3%,3,1.3%,22,9.7%,21,206,0,9.3%,90.7%,0.0%,19,20,207,9.7%
117250,919,2280,State-funded primary,238,106,132,44.5%,55.5%,3,1.3%,43,18.1%,102,135,1,42.9%,56.7%,0.4%,35,37,238,15.5%
117252,919,2283,State-funded primary,226,124,102,54.9%,45.1%,7,3.1%,21,9.3%,49,177,0,21.7%,78.3%,0.0%,44,44,202,21.8%
117253,919,2287,State-funded primary,242,130,112,53.7%,46.3%,3,1.2%,30,12.4%,25,217,0,10.3%,89.7%,0.0%,27,28,242,11.6%
117254,919,2288,State-funded primary,212,119,93,56.1%,43.9%,4,1.9%,23,10.8%,18,194,0,8.5%,91.5%,0.0%,41,41,202,20.3%
117255,919,2289,State-funded primary,450,226,224,50.2%,49.8%,17,3.8%,150,33.3%,152,298,0,33.8%,66.2%,0.0%,123,126,392,32.1%
117256,919,2293,State-funded primary,209,110,99,52.6%,47.4%,4,1.9%,38,18.2%,12,197,0,5.7%,94.3%,0.0%,20,22,209,10.5%
117258,919,2299,State-funded primary,357,188,169,52.7%,47.3%,6,1.7%,62,17.4%,46,310,1,12.9%,86.8%,0.3%,26,28,357,7.8%
117259,919,2300,State-funded primary,240,111,129,46.3%,53.8%,7,2.9%,34,14.2%,9,231,0,3.8%,96.3%,0.0%,81,84,240,35.0%
117260,919,2301,State-funded primary,149,71,78,47.7%,52.3%,4,2.7%,28,18.8%,14,135,0,9.4%,90.6%,0.0%,15,15,129,11.6%
117261,919,2302,State-funded primary,198,106,92,53.5%,46.5%,10,5.1%,13,6.6%,16,182,0,8.1%,91.9%,0.0%,12,15,198,7.6%
117263,919,2304,State-funded primary,222,102,120,45.9%,54.1%,12,5.4%,55,24.8%,15,207,0,6.8%,93.2%,0.0%,73,74,192,38.5%
117266,919,2308,State-funded primary,167,77,90,46.1%,53.9%,5,3.0%,27,16.2%,22,145,0,13.2%,86.8%,0.0%,33,34,142,23.9%
117269,919,2312,State-funded primary,258,126,132,48.8%,51.2%,9,3.5%,31,12.0%,30,228,0,11.6%,88.4%,0.0%,69,69,248,27.8%
117270,919,2314,State-funded primary,185,97,88,52.4%,47.6%,7,3.8%,20,10.8%,20,165,0,10.8%,89.2%,0.0%,88,88,185,47.6%
117271,919,2316,State-funded primary,203,107,96,52.7%,47.3%,8,3.9%,41,20.2%,16,187,0,7.9%,92.1%,0.0%,33,38,178,21.3%
117272,919,2317,State-funded primary,282,138,144,48.9%,51.1%,6,2.1%,22,7.8%,85,195,2,30.1%,69.1%,0.7%,30,31,240,12.9%
117274,919,2322,State-funded primary,219,94,125,42.9%,57.1%,3,1.4%,20,9.1%,14,205,0,6.4%,93.6%,0.0%,7,7,178,3.9%
117276,919,2326,State-funded primary,232,123,109,53.0%,47.0%,5,2.2%,34,14.7%,3,229,0,1.3%,98.7%,0.0%,8,9,207,4.3%
117277,919,2327,State-funded primary,217,99,118,45.6%,54.4%,8,3.7%,18,8.3%,48,169,0,22.1%,77.9%,0.0%,36,39,200,19.5%
117278,919,2331,State-funded primary,344,166,178,48.3%,51.7%,3,0.9%,59,17.2%,29,315,0,8.4%,91.6%,0.0%,27,27,293,9.2%
117279,919,2332,State-funded primary,180,85,95,47.2%,52.8%,3,1.7%,40,22.2%,68,112,0,37.8%,62.2%,0.0%,20,20,180,11.1%
117280,919,2333,State-funded primary,241,106,135,44.0%,56.0%,5,2.1%,27,11.2%,17,224,0,7.1%,92.9%,0.0%,15,17,241,7.1%
117281,919,2336,State-funded primary,297,161,136,54.2%,45.8%,4,1.3%,26,8.8%,33,262,2,11.1%,88.2%,0.7%,15,15,251,6.0%
117283,919,2338,State-funded primary,449,215,234,47.9%,52.1%,1,0.2%,54,12.0%,16,433,0,3.6%,96.4%,0.0%,55,56,418,13.4%
117284,919,2339,State-funded primary,307,150,157,48.9%,51.1%,20,6.5%,47,15.3%,35,272,0,11.4%,88.6%,0.0%,76,78,307,25.4%
117289,919,2348,State-funded primary,207,95,112,45.9%,54.1%,7,3.4%,15,7.2%,21,186,0,10.1%,89.9%,0.0%,14,14,207,6.8%
117290,919,2349,State-funded primary,232,112,120,48.3%,51.7%,7,3.0%,39,16.8%,105,127,0,45.3%,54.7%,0.0%,66,69,221,31.2%
117292,919,2353,State-funded primary,237,114,123,48.1%,51.9%,1,0.4%,46,19.4%,47,190,0,19.8%,80.2%,0.0%,23,23,207,11.1%
117293,919,2354,State-funded primary,307,149,158,48.5%,51.5%,6,2.0%,26,8.5%,81,226,0,26.4%,73.6%,0.0%,10,10,267,3.7%
117294,919,2356,State-funded primary,233,113,120,48.5%,51.5%,7,3.0%,66,28.3%,23,210,0,9.9%,90.1%,0.0%,26,27,207,13.0%
117296,919,2360,State-funded primary,209,109,100,52.2%,47.8%,10,4.8%,19,9.1%,32,177,0,15.3%,84.7%,0.0%,41,41,209,19.6%
117297,919,2362,State-funded primary,231,117,114,50.6%,49.4%,6,2.6%,19,8.2%,22,208,1,9.5%,90.0%,0.4%,11,13,203,6.4%
117298,919,2364,State-funded primary,242,122,120,50.4%,49.6%,13,5.4%,25,10.3%,72,169,1,29.8%,69.8%,0.4%,9,9,242,3.7%
117302,919,2375,State-funded primary,197,114,83,57.9%,42.1%,3,1.5%,37,18.8%,73,124,0,37.1%,62.9%,0.0%,70,73,183,39.9%
117303,919,2378,State-funded primary,179,84,95,46.9%,53.1%,4,2.2%,22,12.3%,18,157,4,10.1%,87.7%,2.2%,9,10,179,5.6%
117304,919,2379,State-funded primary,198,95,103,48.0%,52.0%,1,0.5%,19,9.6%,54,144,0,27.3%,72.7%,0.0%,12,12,198,6.1%
117305,919,2380,State-funded primary,226,99,127,43.8%,56.2%,10,4.4%,12,5.3%,23,203,0,10.2%,89.8%,0.0%,23,24,209,11.5%
117306,919,2381,State-funded primary,329,152,177,46.2%,53.8%,20,6.1%,90,27.4%,70,259,0,21.3%,78.7%,0.0%,97,102,329,31.0%
117309,919,2386,State-funded primary,349,161,188,46.1%,53.9%,7,2.0%,47,13.5%,23,326,0,6.6%,93.4%,0.0%,37,37,302,12.3%
117310,919,2387,State-funded primary,251,127,124,50.6%,49.4%,8,3.2%,38,15.1%,44,207,0,17.5%,82.5%,0.0%,23,23,237,9.7%
117311,919,2389,State-funded primary,240,117,123,48.8%,51.3%,4,1.7%,22,9.2%,133,104,3,55.4%,43.3%,1.3%,28,28,240,11.7%
117313,919,2391,State-funded primary,224,116,108,51.8%,48.2%,3,1.3%,33,14.7%,59,165,0,26.3%,73.7%,0.0%,47,45,207,21.7%
117314,919,2392,State-funded primary,419,210,209,50.1%,49.9%,5,1.2%,38,9.1%,44,370,5,10.5%,88.3%,1.2%,13,13,419,3.1%
117315,919,2393,State-funded primary,442,226,216,51.1%,48.9%,3,0.7%,50,11.3%,98,343,1,22.2%,77.6%,0.2%,22,22,403,5.5%
117316,919,2394,State-funded primary,328,152,176,46.3%,53.7%,16,4.9%,87,26.5%,86,242,0,26.2%,73.8%,0.0%,42,42,252,16.7%
117317,919,2395,State-funded primary,170,85,85,50.0%,50.0%,2,1.2%,44,25.9%,39,131,0,22.9%,77.1%,0.0%,38,38,170,22.4%
117319,919,2397,State-funded primary,209,96,113,45.9%,54.1%,6,2.9%,19,9.1%,15,194,0,7.2%,92.8%,0.0%,14,14,166,8.4%
117322,919,2405,State-funded primary,232,121,111,52.2%,47.8%,6,2.6%,40,17.2%,39,193,0,16.8%,83.2%,0.0%,50,52,232,22.4%
117323,919,2406,State-funded primary,211,113,98,53.6%,46.4%,1,0.5%,16,7.6%,37,174,0,17.5%,82.5%,0.0%,33,33,173,19.1%
117324,919,2407,State-funded primary,388,185,203,47.7%,52.3%,9,2.3%,50,12.9%,129,259,0,33.2%,66.8%,0.0%,93,97,369,26.3%
117326,919,2411,State-funded primary,220,120,100,54.5%,45.5%,12,5.5%,21,9.5%,72,148,0,32.7%,67.3%,0.0%,59,62,210,29.5%
117327,919,2412,State-funded primary,236,108,128,45.8%,54.2%,5,2.1%,39,16.5%,57,179,0,24.2%,75.8%,0.0%,22,25,209,12.0%
117328,919,2414,State-funded primary,329,141,188,42.9%,57.1%,6,1.8%,44,13.4%,36,293,0,10.9%,89.1%,0.0%,32,36,296,12.2%
117329,919,2415,State-funded primary,177,86,91,48.6%,51.4%,2,1.1%,29,16.4%,31,146,0,17.5%,82.5%,0.0%,32,33,177,18.6%
117330,919,2416,State-funded primary,438,215,223,49.1%,50.9%,7,1.6%,49,11.2%,48,388,2,11.0%,88.6%,0.5%,29,30,409,7.3%
117331,919,2417,State-funded primary,167,87,80,52.1%,47.9%,3,1.8%,18,10.8%,7,159,1,4.2%,95.2%,0.6%,12,12,140,8.6%
117333,919,2422,State-funded primary,204,99,105,48.5%,51.5%,6,2.9%,22,10.8%,50,150,4,24.5%,73.5%,2.0%,58,62,193,32.1%
117334,919,2424,State-funded primary,444,239,205,53.8%,46.2%,14,3.2%,53,11.9%,62,382,0,14.0%,86.0%,0.0%,42,43,415,10.4%
117335,919,2426,State-funded primary,322,155,167,48.1%,51.9%,7,2.2%,44,13.7%,87,232,3,27.0%,72.0%,0.9%,72,74,301,24.6%
117336,919,2427,State-funded primary,238,120,118,50.4%,49.6%,6,2.5%,51,21.4%,84,154,0,35.3%,64.7%,0.0%,68,71,238,29.8%
117337,919,2428,State-funded primary,421,212,209,50.4%,49.6%,6,1.4%,43,10.2%,41,379,1,9.7%,90.0%,0.2%,26,29,421,6.9%
117340,919,2433,State-funded primary,230,115,115,50.0%,50.0%,7,3.0%,31,13.5%,60,168,2,26.1%,73.0%,0.9%,38,38,207,18.4%
117342,919,2437,State-funded primary,415,204,211,49.2%,50.8%,3,0.7%,53,12.8%,37,378,0,8.9%,91.1%,0.0%,13,13,415,3.1%
117345,919,2442,State-funded primary,215,101,114,47.0%,53.0%,6,2.8%,39,18.1%,10,205,0,4.7%,95.3%,0.0%,63,65,199,32.7%
117346,919,2443,State-funded primary,307,135,172,44.0%,56.0%,7,2.3%,36,11.7%,40,267,0,13.0%,87.0%,0.0%,44,49,272,18.0%
117349,919,2448,State-funded primary,233,106,127,45.5%,54.5%,6,2.6%,137,58.8%,76,157,0,32.6%,67.4%,0.0%,65,67,205,32.7%
117352,919,2451,State-funded primary,304,152,152,50.0%,50.0%,4,1.3%,39,12.8%,55,249,0,18.1%,81.9%,0.0%,68,78,287,27.2%
117353,919,2452,State-funded primary,458,217,241,47.4%,52.6%,6,1.3%,62,13.5%,36,422,0,7.9%,92.1%,0.0%,23,28,421,6.7%
117358,919,2457,State-funded primary,455,216,239,47.5%,52.5%,4,0.9%,17,3.7%,39,416,0,8.6%,91.4%,0.0%,8,9,424,2.1%
117361,919,2462,State-funded primary,446,205,241,46.0%,54.0%,10,2.2%,34,7.6%,29,417,0,6.5%,93.5%,0.0%,35,33,406,8.1%
117363,919,2464,State-funded primary,347,150,197,43.2%,56.8%,6,1.7%,22,6.3%,29,318,0,8.4%,91.6%,0.0%,52,57,321,17.8%
117364,919,2465,State-funded primary,438,209,229,47.7%,52.3%,12,2.7%,106,24.2%,91,347,0,20.8%,79.2%,0.0%,107,114,395,28.9%
117365,919,2466,State-funded primary,377,190,187,50.4%,49.6%,7,1.9%,30,8.0%,57,320,0,15.1%,84.9%,0.0%,55,59,356,16.6%
117366,919,2467,State-funded primary,398,193,205,48.5%,51.5%,3,0.8%,77,19.3%,68,329,1,17.1%,82.7%,0.3%,102,106,380,27.9%
117367,919,2468,State-funded primary,413,215,198,52.1%,47.9%,6,1.5%,61,14.8%,129,284,0,31.2%,68.8%,0.0%,108,113,413,27.4%
117368,919,2469,State-funded primary,455,243,212,53.4%,46.6%,9,2.0%,81,17.8%,106,349,0,23.3%,76.7%,0.0%,71,71,419,16.9%
117369,919,2980,State-funded primary,447,208,239,46.5%,53.5%,11,2.5%,56,12.5%,76,371,0,17.0%,83.0%,0.0%,40,42,416,10.1%
117370,919,2982,State-funded primary,236,112,124,47.5%,52.5%,1,0.4%,29,12.3%,69,167,0,29.2%,70.8%,0.0%,36,36,209,17.2%
117371,919,2985,State-funded primary,285,140,145,49.1%,50.9%,5,1.8%,61,21.4%,81,204,0,28.4%,71.6%,0.0%,110,112,284,39.4%
117374,919,2991,State-funded primary,211,97,114,46.0%,54.0%,5,2.4%,18,8.5%,123,88,0,58.3%,41.7%,0.0%,15,15,180,8.3%
117376,919,2994,State-funded primary,412,201,211,48.8%,51.2%,1,0.2%,49,11.9%,31,373,8,7.5%,90.5%,1.9%,39,42,412,10.2%
117377,919,2995,State-funded primary,214,107,107,50.0%,50.0%,9,4.2%,28,13.1%,76,138,0,35.5%,64.5%,0.0%,47,47,179,26.3%
117378,919,2996,State-funded primary,452,223,229,49.3%,50.7%,6,1.3%,82,18.1%,49,403,0,10.8%,89.2%,0.0%,57,62,415,14.9%
117379,919,2997,State-funded primary,148,83,65,56.1%,43.9%,7,4.7%,22,14.9%,54,94,0,36.5%,63.5%,0.0%,46,51,148,34.5%
117382,919,3000,State-funded primary,107,52,55,48.6%,51.4%,1,0.9%,10,9.3%,3,104,0,2.8%,97.2%,0.0%,9,10,100,10.0%
117384,919,3004,State-funded primary,136,71,65,52.2%,47.8%,4,2.9%,32,23.5%,7,129,0,5.1%,94.9%,0.0%,31,32,136,23.5%
117385,919,3005,State-funded primary,222,97,125,43.7%,56.3%,8,3.6%,52,23.4%,8,214,0,3.6%,96.4%,0.0%,50,52,222,23.4%
117386,919,3006,State-funded primary,32,11,21,34.4%,65.6%,1,3.1%,10,31.3%,4,28,0,12.5%,87.5%,0.0%,2,2,32,6.3%
117387,919,3007,State-funded primary,99,53,46,53.5%,46.5%,1,1.0%,10,10.1%,1,98,0,1.0%,99.0%,0.0%,12,12,86,14.0%
117388,919,3008,State-funded primary,35,14,21,40.0%,60.0%,5,14.3%,11,31.4%,0,35,0,0.0%,100.0%,0.0%,6,7,30,23.3%
117389,919,3009,State-funded primary,91,49,42,53.8%,46.2%,0,0.0%,14,15.4%,4,87,0,4.4%,95.6%,0.0%,5,5,91,5.5%
117390,919,3011,State-funded primary,145,85,60,58.6%,41.4%,5,3.4%,23,15.9%,3,142,0,2.1%,97.9%,0.0%,22,22,145,15.2%
117391,919,3012,State-funded primary,208,105,103,50.5%,49.5%,2,1.0%,23,11.1%,24,184,0,11.5%,88.5%,0.0%,27,32,208,15.4%
117392,919,3013,State-funded primary,283,133,150,47.0%,53.0%,3,1.1%,17,6.0%,10,273,0,3.5%,96.5%,0.0%,37,37,265,14.0%
117393,919,3015,State-funded primary,93,36,57,38.7%,61.3%,0,0.0%,23,24.7%,7,86,0,7.5%,92.5%,0.0%,22,21,87,24.1%
117394,919,3016,State-funded primary,102,49,53,48.0%,52.0%,1,1.0%,13,12.7%,3,99,0,2.9%,97.1%,0.0%,11,11,102,10.8%
117395,919,3018,State-funded primary,92,54,38,58.7%,41.3%,6,6.5%,28,30.4%,4,88,0,4.3%,95.7%,0.0%,15,15,92,16.3%
117396,919,3020,State-funded primary,103,52,51,50.5%,49.5%,2,1.9%,12,11.7%,2,101,0,1.9%,98.1%,0.0%,14,14,97,14.4%
117397,919,3025,State-funded primary,139,66,73,47.5%,52.5%,10,7.2%,26,18.7%,34,105,0,24.5%,75.5%,0.0%,63,65,121,53.7%
117398,919,3026,State-funded primary,222,97,125,43.7%,56.3%,9,4.1%,24,10.8%,10,212,0,4.5%,95.5%,0.0%,28,30,211,14.2%
117400,919,3029,State-funded primary,444,203,241,45.7%,54.3%,22,5.0%,69,15.5%,73,371,0,16.4%,83.6%,0.0%,88,102,419,24.3%
117401,919,3030,State-funded primary,207,97,110,46.9%,53.1%,2,1.0%,12,5.8%,3,204,0,1.4%,98.6%,0.0%,30,31,207,15.0%
117402,919,3032,State-funded primary,76,38,38,50.0%,50.0%,3,3.9%,6,7.9%,0,76,0,0.0%,100.0%,0.0%,10,10,67,14.9%
117403,919,3034,State-funded primary,70,32,38,45.7%,54.3%,1,1.4%,11,15.7%,5,65,0,7.1%,92.9%,0.0%,1,1,70,1.4%
117405,919,3038,State-funded primary,106,47,59,44.3%,55.7%,2,1.9%,12,11.3%,10,96,0,9.4%,90.6%,0.0%,18,19,101,18.8%
117406,919,3039,State-funded primary,280,151,129,53.9%,46.1%,7,2.5%,38,13.6%,7,273,0,2.5%,97.5%,0.0%,36,37,251,14.7%
117407,919,3040,State-funded primary,220,111,109,50.5%,49.5%,6,2.7%,44,20.0%,14,206,0,6.4%,93.6%,0.0%,23,25,192,13.0%
117408,919,3041,State-funded primary,67,27,40,40.3%,59.7%,0,0.0%,12,17.9%,2,65,0,3.0%,97.0%,0.0%,3,3,60,5.0%
117409,919,3042,State-funded primary,236,122,114,51.7%,48.3%,5,2.1%,33,14.0%,3,233,0,1.3%,98.7%,0.0%,25,26,236,11.0%
117410,919,3043,State-funded primary,393,211,182,53.7%,46.3%,7,1.8%,49,12.5%,33,360,0,8.4%,91.6%,0.0%,52,55,359,15.3%
117413,919,3047,State-funded primary,125,52,73,41.6%,58.4%,3,2.4%,17,13.6%,5,120,0,4.0%,96.0%,0.0%,18,19,109,17.4%
117414,919,3049,State-funded primary,204,101,103,49.5%,50.5%,2,1.0%,32,15.7%,12,191,1,5.9%,93.6%,0.5%,37,38,204,18.6%
117415,919,3053,State-funded primary,197,97,100,49.2%,50.8%,6,3.0%,20,10.2%,20,177,0,10.2%,89.8%,0.0%,42,44,197,22.3%
117416,919,3054,State-funded primary,234,111,123,47.4%,52.6%,5,2.1%,39,16.7%,42,192,0,17.9%,82.1%,0.0%,34,37,207,17.9%
117417,919,3301,State-funded primary,202,101,101,50.0%,50.0%,3,1.5%,14,6.9%,12,190,0,5.9%,94.1%,0.0%,19,19,190,10.0%
117418,919,3302,State-funded primary,230,118,112,51.3%,48.7%,3,1.3%,32,13.9%,25,205,0,10.9%,89.1%,0.0%,30,30,211,14.2%
117419,919,3303,State-funded primary,61,33,28,54.1%,45.9%,3,4.9%,8,13.1%,8,53,0,13.1%,86.9%,0.0%,7,7,48,14.6%
117420,919,3306,State-funded primary,74,39,35,52.7%,47.3%,3,4.1%,22,29.7%,0,74,0,0.0%,100.0%,0.0%,10,10,69,14.5%
117421,919,3307,State-funded primary,127,60,67,47.2%,52.8%,4,3.1%,17,13.4%,13,105,9,10.2%,82.7%,7.1%,4,4,127,3.1%
117422,919,3308,State-funded primary,28,14,14,50.0%,50.0%,0,0.0%,9,32.1%,3,25,0,10.7%,89.3%,0.0%,4,4,21,19.0%
117423,919,3314,State-funded primary,185,93,92,50.3%,49.7%,1,0.5%,16,8.6%,10,175,0,5.4%,94.6%,0.0%,11,11,149,7.4%
117424,919,3315,State-funded primary,206,109,97,52.9%,47.1%,3,1.5%,21,10.2%,19,187,0,9.2%,90.8%,0.0%,18,19,186,10.2%
117426,919,3319,State-funded primary,216,112,104,51.9%,48.1%,4,1.9%,23,10.6%,47,169,0,21.8%,78.2%,0.0%,4,8,195,4.1%
117428,919,3326,State-funded primary,193,107,86,55.4%,44.6%,6,3.1%,21,10.9%,50,143,0,25.9%,74.1%,0.0%,49,49,193,25.4%
117430,919,3329,State-funded primary,144,62,82,43.1%,56.9%,2,1.4%,20,13.9%,16,128,0,11.1%,88.9%,0.0%,14,14,144,9.7%
117431,919,3333,State-funded primary,92,41,51,44.6%,55.4%,0,0.0%,11,12.0%,41,51,0,44.6%,55.4%,0.0%,11,12,87,13.8%
117432,919,3334,State-funded primary,176,93,83,52.8%,47.2%,3,1.7%,15,8.5%,12,164,0,6.8%,93.2%,0.0%,32,35,176,19.9%
117433,919,3335,State-funded primary,87,40,47,46.0%,54.0%,1,1.1%,5,5.7%,5,82,0,5.7%,94.3%,0.0%,15,17,77,22.1%
117434,919,3336,State-funded primary,147,79,68,53.7%,46.3%,0,0.0%,12,8.2%,20,127,0,13.6%,86.4%,0.0%,5,5,147,3.4%
117435,919,3339,State-funded primary,101,59,42,58.4%,41.6%,5,5.0%,14,13.9%,11,90,0,10.9%,89.1%,0.0%,2,2,101,2.0%
117437,919,3344,State-funded primary,244,126,118,51.6%,48.4%,5,2.0%,29,11.9%,10,234,0,4.1%,95.9%,0.0%,8,11,213,5.2%
117439,919,3347,State-funded primary,120,50,70,41.7%,58.3%,7,5.8%,9,7.5%,5,115,0,4.2%,95.8%,0.0%,15,15,94,16.0%
117440,919,3348,State-funded primary,171,86,85,50.3%,49.7%,6,3.5%,17,9.9%,4,167,0,2.3%,97.7%,0.0%,21,21,171,12.3%
117441,919,3349,State-funded primary,194,96,98,49.5%,50.5%,7,3.6%,9,4.6%,9,185,0,4.6%,95.4%,0.0%,9,14,175,8.0%
117442,919,3350,State-funded primary,228,106,122,46.5%,53.5%,5,2.2%,30,13.2%,9,219,0,3.9%,96.1%,0.0%,23,23,207,11.1%
117443,919,3352,State-funded primary,92,53,39,57.6%,42.4%,1,1.1%,6,6.5%,8,84,0,8.7%,91.3%,0.0%,5,5,92,5.4%
117444,919,3353,State-funded primary,215,112,103,52.1%,47.9%,5,2.3%,16,7.4%,10,205,0,4.7%,95.3%,0.0%,22,22,189,11.6%
117445,919,3357,State-funded primary,158,91,67,57.6%,42.4%,0,0.0%,27,17.1%,6,152,0,3.8%,96.2%,0.0%,30,32,135,23.7%
117446,919,3358,State-funded primary,91,37,54,40.7%,59.3%,0,0.0%,4,4.4%,21,69,1,23.1%,75.8%,1.1%,17,17,86,19.8%
117447,919,3359,State-funded primary,195,90,105,46.2%,53.8%,3,1.5%,28,14.4%,52,143,0,26.7%,73.3%,0.0%,20,20,195,10.3%
117448,919,3360,State-funded primary,241,124,117,51.5%,48.5%,5,2.1%,27,11.2%,26,215,0,10.8%,89.2%,0.0%,26,26,209,12.4%
117449,919,3361,State-funded primary,174,88,86,50.6%,49.4%,3,1.7%,2,1.1%,32,142,0,18.4%,81.6%,0.0%,11,11,174,6.3%
117451,919,3363,State-funded primary,180,92,88,51.1%,48.9%,4,2.2%,26,14.4%,29,151,0,16.1%,83.9%,0.0%,23,24,180,13.3%
117452,919,3364,State-funded primary,138,67,71,48.6%,51.4%,5,3.6%,9,6.5%,23,115,0,16.7%,83.3%,0.0%,20,21,114,18.4%
117453,919,3366,State-funded primary,63,33,30,52.4%,47.6%,6,9.5%,14,22.2%,5,58,0,7.9%,92.1%,0.0%,15,13,55,23.6%
117455,919,3368,State-funded primary,69,35,34,50.7%,49.3%,2,2.9%,5,7.2%,0,69,0,0.0%,100.0%,0.0%,6,7,63,11.1%
117456,919,3369,State-funded primary,228,108,120,47.4%,52.6%,11,4.8%,23,10.1%,73,155,0,32.0%,68.0%,0.0%,46,47,203,23.2%
117457,919,3370,State-funded primary,174,87,87,50.0%,50.0%,3,1.7%,11,6.3%,8,166,0,4.6%,95.4%,0.0%,25,26,174,14.9%
117458,919,3371,State-funded primary,236,107,129,45.3%,54.7%,4,1.7%,30,12.7%,10,226,0,4.2%,95.8%,0.0%,17,17,236,7.2%
117459,919,3373,State-funded primary,120,57,63,47.5%,52.5%,1,0.8%,12,10.0%,2,118,0,1.7%,98.3%,0.0%,23,23,120,19.2%
117460,919,3376,State-funded primary,221,107,114,48.4%,51.6%,10,4.5%,25,11.3%,12,209,0,5.4%,94.6%,0.0%,26,26,207,12.6%
117461,919,3378,State-funded primary,185,92,93,49.7%,50.3%,3,1.6%,17,9.2%,19,166,0,10.3%,89.7%,0.0%,27,28,185,15.1%
117462,919,3379,State-funded primary,256,131,125,51.2%,48.8%,2,0.8%,28,10.9%,23,233,0,9.0%,91.0%,0.0%,18,19,256,7.4%
117463,919,3380,State-funded primary,101,52,49,51.5%,48.5%,1,1.0%,7,6.9%,1,100,0,1.0%,99.0%,0.0%,8,8,101,7.9%
117464,919,3382,State-funded primary,201,95,106,47.3%,52.7%,2,1.0%,12,6.0%,54,147,0,26.9%,73.1%,0.0%,15,15,192,7.8%
117465,919,3383,State-funded primary,237,126,111,53.2%,46.8%,4,1.7%,50,21.1%,71,166,0,30.0%,70.0%,0.0%,37,41,214,19.2%
117466,919,3384,State-funded primary,209,95,114,45.5%,54.5%,10,4.8%,21,10.0%,66,143,0,31.6%,68.4%,0.0%,34,34,209,16.3%
117467,919,3385,State-funded primary,246,138,108,56.1%,43.9%,4,1.6%,20,8.1%,29,215,2,11.8%,87.4%,0.8%,18,19,210,9.0%
117468,919,3386,State-funded primary,237,123,114,51.9%,48.1%,3,1.3%,29,12.2%,42,195,0,17.7%,82.3%,0.0%,28,28,237,11.8%
117469,919,3388,State-funded primary,481,220,261,45.7%,54.3%,18,3.7%,96,20.0%,219,262,0,45.5%,54.5%,0.0%,86,91,425,21.4%
117470,919,3389,State-funded primary,219,109,110,49.8%,50.2%,2,0.9%,20,9.1%,53,166,0,24.2%,75.8%,0.0%,22,23,203,11.3%
117471,919,3391,State-funded primary,217,110,107,50.7%,49.3%,5,2.3%,33,15.2%,47,170,0,21.7%,78.3%,0.0%,28,29,209,13.9%
117472,919,3393,State-funded primary,219,103,116,47.0%,53.0%,8,3.7%,21,9.6%,61,158,0,27.9%,72.1%,0.0%,25,25,201,12.4%
117473,919,3394,State-funded primary,311,150,161,48.2%,51.8%,9,2.9%,44,14.1%,33,277,1,10.6%,89.1%,0.3%,37,38,287,13.2%
117474,919,3397,State-funded primary,237,123,114,51.9%,48.1%,3,1.3%,21,8.9%,74,163,0,31.2%,68.8%,0.0%,22,19,209,9.1%
117478,919,3401,State-funded primary,240,123,117,51.3%,48.8%,1,0.4%,11,4.6%,38,202,0,15.8%,84.2%,0.0%,7,7,210,3.3%
117479,919,3402,State-funded primary,182,75,107,41.2%,58.8%,6,3.3%,29,15.9%,32,150,0,17.6%,82.4%,0.0%,18,21,168,12.5%
117481,919,3404,State-funded primary,210,104,106,49.5%,50.5%,7,3.3%,25,11.9%,31,179,0,14.8%,85.2%,0.0%,48,48,185,25.9%
117484,919,3409,State-funded primary,200,96,104,48.0%,52.0%,6,3.0%,13,6.5%,29,171,0,14.5%,85.5%,0.0%,20,20,175,11.4%
117488,919,3415,State-funded primary,340,178,162,52.4%,47.6%,4,1.2%,43,12.6%,59,280,1,17.4%,82.4%,0.3%,20,19,307,6.2%
117489,919,3416,State-funded primary,216,99,117,45.8%,54.2%,3,1.4%,23,10.6%,30,186,0,13.9%,86.1%,0.0%,18,22,199,11.1%
117490,919,3419,State-funded primary,421,194,227,46.1%,53.9%,7,1.7%,32,7.6%,22,399,0,5.2%,94.8%,0.0%,42,46,421,10.9%
117491,919,3421,State-funded primary,457,241,216,52.7%,47.3%,2,0.4%,31,6.8%,113,344,0,24.7%,75.3%,0.0%,29,32,416,7.7%
117492,919,3423,State-funded primary,201,96,105,47.8%,52.2%,12,6.0%,20,10.0%,45,156,0,22.4%,77.6%,0.0%,41,43,188,22.9%
117495,919,3428,State-funded primary,437,223,214,51.0%,49.0%,4,0.9%,70,16.0%,289,148,0,66.1%,33.9%,0.0%,41,42,420,10.0%
117496,919,3975,State-funded primary,208,101,107,48.6%,51.4%,1,0.5%,12,5.8%,45,163,0,21.6%,78.4%,0.0%,10,10,208,4.8%
117497,919,3976,State-funded primary,170,82,88,48.2%,51.8%,3,1.8%,31,18.2%,29,141,0,17.1%,82.9%,0.0%,52,53,170,31.2%
117498,919,3977,State-funded primary,447,212,235,47.4%,52.6%,10,2.2%,38,8.5%,142,305,0,31.8%,68.2%,0.0%,38,41,417,9.8%
117499,919,4000,State-funded secondary,1243,599,644,48.2%,51.8%,24,1.9%,190,15.3%,66,1177,0,5.3%,94.7%,0.0%,200,207,1018,20.3%
117500,919,4005,State-funded secondary,1297,642,655,49.5%,50.5%,14,1.1%,152,11.7%,174,1122,1,13.4%,86.5%,0.1%,164,168,1049,16.0%
117504,919,4010,State-funded secondary,570,281,289,49.3%,50.7%,23,4.0%,68,11.9%,58,511,1,10.2%,89.6%,0.2%,178,179,508,35.2%
117518,919,4066,State-funded secondary,1227,609,618,49.6%,50.4%,46,3.7%,219,17.8%,136,1086,5,11.1%,88.5%,0.4%,297,307,1127,27.2%
117530,919,4104,State-funded secondary,1474,727,747,49.3%,50.7%,24,1.6%,223,15.1%,185,1284,5,12.6%,87.1%,0.3%,196,191,1188,16.1%
117534,919,4116,State-funded secondary,1449,711,738,49.1%,50.9%,41,2.8%,248,17.1%,183,1265,1,12.6%,87.3%,0.1%,391,386,1186,32.5%
117537,919,4122,State-funded secondary,987,521,466,52.8%,47.2%,32,3.2%,157,15.9%,102,882,3,10.3%,89.4%,0.3%,225,235,857,27.4%
117541,919,4144,State-funded primary,453,208,245,45.9%,54.1%,5,1.1%,20,4.4%,19,434,0,4.2%,95.8%,0.0%,20,20,416,4.8%
117552,919,4499,State-funded secondary,913,450,463,49.3%,50.7%,24,2.6%,163,17.9%,150,760,3,16.4%,83.2%,0.3%,272,279,824,33.9%
117554,919,4506,State-funded secondary,477,227,250,47.6%,52.4%,6,1.3%,72,15.1%,17,460,0,3.6%,96.4%,0.0%,78,85,477,17.8%
117555,919,4606,State-funded secondary,768,350,418,45.6%,54.4%,18,2.3%,136,17.7%,142,626,0,18.5%,81.5%,0.0%,143,152,682,22.3%
117557,919,4619,State-funded secondary,1125,544,581,48.4%,51.6%,15,1.3%,106,9.4%,242,876,7,21.5%,77.9%,0.6%,94,102,902,11.3%
117559,919,4627,State-funded primary,315,158,157,50.2%,49.8%,12,3.8%,45,14.3%,23,288,4,7.3%,91.4%,1.3%,41,42,315,13.3%
117562,919,5202,State-funded primary,247,116,131,47.0%,53.0%,7,2.8%,22,8.9%,115,132,0,46.6%,53.4%,0.0%,85,88,216,40.7%
117563,919,5203,State-funded primary,223,112,111,50.2%,49.8%,3,1.3%,19,8.5%,10,213,0,4.5%,95.5%,0.0%,7,7,206,3.4%
117564,919,5204,State-funded primary,81,39,42,48.1%,51.9%,4,4.9%,14,17.3%,3,78,0,3.7%,96.3%,0.0%,31,31,81,38.3%
117565,919,5205,State-funded primary,453,234,219,51.7%,48.3%,6,1.3%,27,6.0%,28,424,1,6.2%,93.6%,0.2%,25,32,419,7.6%
117567,919,5207,State-funded primary,236,116,120,49.2%,50.8%,6,2.5%,38,16.1%,59,177,0,25.0%,75.0%,0.0%,30,30,209,14.4%
117569,919,5209,State-funded primary,107,62,45,57.9%,42.1%,1,0.9%,19,17.8%,10,97,0,9.3%,90.7%,0.0%,10,11,103,10.7%
117570,919,5210,State-funded primary,345,161,184,46.7%,53.3%,4,1.2%,28,8.1%,25,320,0,7.2%,92.8%,0.0%,16,16,317,5.0%
117577,919,5405,State-funded secondary,1194,93,1101,7.8%,92.2%,9,0.8%,80,6.7%,86,1108,0,7.2%,92.8%,0.0%,61,50,853,5.9%
117578,919,5406,State-funded secondary,1506,748,758,49.7%,50.3%,35,2.3%,194,12.9%,73,1432,1,4.8%,95.1%,0.1%,144,152,1230,12.4%
117600,919,6000,Independent school,522,503,19,96.4%,3.6%,2,0.4%,110,21.1%,NA,NA,NA,NA,NA,NA,NA,NA,NA,NA
117601,919,6002,Independent school,435,173,262,39.8%,60.2%,1,0.2%,37,8.5%,NA,NA,NA,NA,NA,NA,NA,NA,NA,NA
117602,919,6003,Independent school,865,263,602,30.4%,69.6%,3,0.3%,149,17.2%,NA,NA,NA,NA,NA,NA,NA,NA,NA,NA
117604,919,6005,Independent school,1333,588,745,44.1%,55.9%,4,0.3%,285,21.4%,NA,NA,NA,NA,NA,NA,NA,NA,NA,NA
117605,919,6007,Independent school,1276,603,673,47.3%,52.7%,6,0.5%,151,11.8%,NA,NA,NA,NA,NA,NA,NA,NA,NA,NA
117606,919,6012,Independent school,654,492,162,75.2%,24.8%,5,0.8%,99,15.1%,NA,NA,NA,NA,NA,NA,NA,NA,NA,NA
117607,919,6015,Independent school,892,430,462,48.2%,51.8%,1,0.1%,104,11.7%,NA,NA,NA,NA,NA,NA,NA,NA,NA,NA
117608,919,6016,Independent school,387,0,387,0.0%,100.0%,0,0.0%,61,15.8%,NA,NA,NA,NA,NA,NA,NA,NA,NA,NA
117609,919,6020,Independent school,456,456,0,100.0%,0.0%,2,0.4%,125,27.4%,NA,NA,NA,NA,NA,NA,NA,NA,NA,NA
117610,919,6021,Independent school,381,153,228,40.2%,59.8%,0,0.0%,33,8.7%,NA,NA,NA,NA,NA,NA,NA,NA,NA,NA
117611,919,6024,Independent school,177,0,177,0.0%,100.0%,2,1.1%,22,12.4%,NA,NA,NA,NA,NA,NA,NA,NA,NA,NA
117612,919,6028,Independent school,523,225,298,43.0%,57.0%,2,0.4%,129,24.7%,NA,NA,NA,NA,NA,NA,NA,NA,NA,NA
117613,919,6029,Independent school,313,311,2,99.4%,0.6%,1,0.3%,104,33.2%,NA,NA,NA,NA,NA,NA,NA,NA,NA,NA
117615,919,6034,Independent school,347,113,234,32.6%,67.4%,0,0.0%,0,0.0%,NA,NA,NA,NA,NA,NA,NA,NA,NA,NA
117616,919,6036,Independent school,945,0,945,0.0%,100.0%,1,0.1%,96,10.2%,NA,NA,NA,NA,NA,NA,NA,NA,NA,NA
117617,919,6038,Independent school,1156,1156,0,100.0%,0.0%,0,0.0%,92,8.0%,NA,NA,NA,NA,NA,NA,NA,NA,NA,NA
117618,919,6041,Independent school,353,259,94,73.4%,26.6%,0,0.0%,163,46.2%,NA,NA,NA,NA,NA,NA,NA,NA,NA,NA
117620,919,6045,Independent school,521,211,310,40.5%,59.5%,0,0.0%,72,13.8%,NA,NA,NA,NA,NA,NA,NA,NA,NA,NA
117621,919,6046,Independent school,500,234,266,46.8%,53.2%,1,0.2%,91,18.2%,NA,NA,NA,NA,NA,NA,NA,NA,NA,NA
117622,919,6047,Independent school,500,225,275,45.0%,55.0%,34,6.8%,108,21.6%,NA,NA,NA,NA,NA,NA,NA,NA,NA,NA
117623,919,6062,Independent school,158,46,112,29.1%,70.9%,125,79.1%,16,10.1%,NA,NA,NA,NA,NA,NA,NA,NA,NA,NA
117624,919,6080,Independent school,142,131,11,92.3%,7.7%,1,0.7%,7,4.9%,NA,NA,NA,NA,NA,NA,NA,NA,NA,NA
117627,919,6092,Independent school,142,135,7,95.1%,4.9%,0,0.0%,40,28.2%,NA,NA,NA,NA,NA,NA,NA,NA,NA,NA
117628,919,6098,Independent school,264,124,140,47.0%,53.0%,0,0.0%,26,9.8%,NA,NA,NA,NA,NA,NA,NA,NA,NA,NA
117629,919,6099,Independent school,164,74,90,45.1%,54.9%,2,1.2%,31,18.9%,NA,NA,NA,NA,NA,NA,NA,NA,NA,NA
117630,919,6102,Independent school,384,161,223,41.9%,58.1%,0,0.0%,40,10.4%,NA,NA,NA,NA,NA,NA,NA,NA,NA,NA
117633,919,6115,Independent school,878,373,505,42.5%,57.5%,0,0.0%,151,17.2%,NA,NA,NA,NA,NA,NA,NA,NA,NA,NA
117635,919,6126,Independent school,99,99,0,100.0%,0.0%,0,0.0%,18,18.2%,NA,NA,NA,NA,NA,NA,NA,NA,NA,NA
117636,919,6128,Independent school,397,128,269,32.2%,67.8%,0,0.0%,47,11.8%,NA,NA,NA,NA,NA,NA,NA,NA,NA,NA
117638,919,6136,Independent school,797,70,727,8.8%,91.2%,1,0.1%,244,30.6%,NA,NA,NA,NA,NA,NA,NA,NA,NA,NA
117640,919,6154,Independent school,63,34,29,54.0%,46.0%,4,6.3%,7,11.1%,NA,NA,NA,NA,NA,NA,NA,NA,NA,NA
117641,919,6165,Independent school,999,989,10,99.0%,1.0%,0,0.0%,206,20.6%,NA,NA,NA,NA,NA,NA,NA,NA,NA,NA
117643,919,6201,Independent school,343,0,343,0.0%,100.0%,0,0.0%,28,8.2%,NA,NA,NA,NA,NA,NA,NA,NA,NA,NA
117644,919,6202,Independent school,141,141,0,100.0%,0.0%,0,0.0%,26,18.4%,NA,NA,NA,NA,NA,NA,NA,NA,NA,NA
117646,919,6215,Independent school,45,11,34,24.4%,75.6%,45,100.0%,0,0.0%,NA,NA,NA,NA,NA,NA,NA,NA,NA,NA
117647,919,6220,Independent school,901,73,828,8.1%,91.9%,0,0.0%,173,19.2%,NA,NA,NA,NA,NA,NA,NA,NA,NA,NA
117648,919,6221,Independent school,1473,0,1473,0.0%,100.0%,0,0.0%,208,14.1%,NA,NA,NA,NA,NA,NA,NA,NA,NA,NA
117649,919,6222,Independent school,1170,1170,0,100.0%,0.0%,1,0.1%,135,11.5%,NA,NA,NA,NA,NA,NA,NA,NA,NA,NA
117650,919,6224,Independent school,181,90,91,49.7%,50.3%,32,17.7%,2,1.1%,NA,NA,NA,NA,NA,NA,NA,NA,NA,NA
117651,919,6225,Independent school,370,0,370,0.0%,100.0%,0,0.0%,24,6.5%,NA,NA,NA,NA,NA,NA,NA,NA,NA,NA
117653,919,6227,Independent school,553,278,275,50.3%,49.7%,0,0.0%,59,10.7%,NA,NA,NA,NA,NA,NA,NA,NA,NA,NA
117654,919,6228,Independent school,56,30,26,53.6%,46.4%,2,3.6%,5,8.9%,NA,NA,NA,NA,NA,NA,NA,NA,NA,NA
117657,919,6231,Independent school,660,304,356,46.1%,53.9%,1,0.2%,211,32.0%,NA,NA,NA,NA,NA,NA,NA,NA,NA,NA
117658,919,6232,Independent school,457,236,221,51.6%,48.4%,0,0.0%,30,6.6%,NA,NA,NA,NA,NA,NA,NA,NA,NA,NA
117662,919,6236,Independent school,203,93,110,45.8%,54.2%,1,0.5%,10,4.9%,NA,NA,NA,NA,NA,NA,NA,NA,NA,NA
117665,919,7006,Non-maintained special school,37,8,29,21.6%,78.4%,37,100.0%,0,0.0%,3,34,0,8.1%,91.9%,0.0%,37,21,21,100.0%
117667,919,7008,State-funded special school,150,36,114,24.0%,76.0%,150,100.0%,0,0.0%,22,128,0,14.7%,85.3%,0.0%,52,57,150,38.0%
117669,919,7010,State-funded special school,172,47,125,27.3%,72.7%,172,100.0%,0,0.0%,8,164,0,4.7%,95.3%,0.0%,72,78,172,45.3%
117670,919,7011,State-funded special school,113,34,79,30.1%,69.9%,113,100.0%,0,0.0%,14,98,1,12.4%,86.7%,0.9%,39,40,113,35.4%
117671,919,7012,State-funded special school,160,56,104,35.0%,65.0%,160,100.0%,0,0.0%,2,158,0,1.3%,98.8%,0.0%,69,70,160,43.8%
117672,919,7013,State-funded special school,130,41,89,31.5%,68.5%,130,100.0%,0,0.0%,8,122,0,6.2%,93.8%,0.0%,50,55,130,42.3%
117674,919,7016,State-funded special school,101,36,65,35.6%,64.4%,101,100.0%,0,0.0%,0,101,0,0.0%,100.0%,0.0%,58,61,101,60.4%
117676,919,7019,State-funded special school,100,33,67,33.0%,67.0%,100,100.0%,0,0.0%,7,93,0,7.0%,93.0%,0.0%,33,33,100,33.0%
117679,919,7022,State-funded special school,112,41,71,36.6%,63.4%,112,100.0%,0,0.0%,2,110,0,1.8%,98.2%,0.0%,45,38,93,40.9%
117680,919,7023,State-funded special school,92,30,62,32.6%,67.4%,92,100.0%,0,0.0%,22,70,0,23.9%,76.1%,0.0%,30,27,82,32.9%
117681,919,7024,State-funded special school,94,30,64,31.9%,68.1%,94,100.0%,0,0.0%,28,66,0,29.8%,70.2%,0.0%,39,34,85,40.0%
117682,919,7025,State-funded special school,124,42,82,33.9%,66.1%,124,100.0%,0,0.0%,19,105,0,15.3%,84.7%,0.0%,41,40,107,37.4%
117683,919,7026,State-funded special school,98,31,67,31.6%,68.4%,98,100.0%,0,0.0%,37,61,0,37.8%,62.2%,0.0%,36,34,80,42.5%
117684,919,7028,State-funded special school,162,59,103,36.4%,63.6%,162,100.0%,0,0.0%,14,148,0,8.6%,91.4%,0.0%,47,51,147,34.7%
117685,919,7032,State-funded special school,129,62,67,48.1%,51.9%,124,96.1%,5,3.9%,111,18,0,86.0%,14.0%,0.0%,42,53,126,42.1%
117686,919,7033,State-funded special school,87,0,87,0.0%,100.0%,87,100.0%,0,0.0%,2,85,0,2.3%,97.7%,0.0%,50,58,87,66.7%
117690,919,7042,State-funded special school,172,52,120,30.2%,69.8%,172,100.0%,0,0.0%,13,159,0,7.6%,92.4%,0.0%,46,42,150,28.0%
117691,919,7043,State-funded special school,36,19,17,52.8%,47.2%,36,100.0%,0,0.0%,4,32,0,11.1%,88.9%,0.0%,7,7,35,20.0%
130344,919,1101,State-funded AP school,2,0,2,0.0%,100.0%,0,0.0%,2,100.0%,0,2,0,0.0%,100.0%,0.0%,1,1,2,50.0%
130349,919,1105,State-funded AP school,7,1,6,14.3%,85.7%,3,42.9%,4,57.1%,0,7,0,0.0%,100.0%,0.0%,1,1,7,14.3%
130359,919,1102,State-funded AP school,8,3,5,37.5%,62.5%,0,0.0%,8,100.0%,0,8,0,0.0%,100.0%,0.0%,5,5,8,62.5%
130362,919,7044,State-funded special school,85,22,63,25.9%,74.1%,85,100.0%,0,0.0%,4,81,0,4.7%,95.3%,0.0%,25,30,85,35.3%
131100,919,1108,State-funded AP school,5,2,3,40.0%,60.0%,0,0.0%,3,60.0%,0,5,0,0.0%,100.0%,0.0%,3,3,5,60.0%
131319,919,7047,State-funded special school,59,6,53,10.2%,89.8%,59,100.0%,0,0.0%,1,58,0,1.7%,98.3%,0.0%,34,39,59,66.1%
131456,919,5213,State-funded primary,203,100,103,49.3%,50.7%,2,1.0%,17,8.4%,7,196,0,3.4%,96.6%,0.0%,7,9,203,4.4%
131505,919,2005,State-funded primary,194,96,98,49.5%,50.5%,11,5.7%,42,21.6%,38,156,0,19.6%,80.4%,0.0%,73,71,173,41.0%
132091,919,2008,State-funded primary,438,218,220,49.8%,50.2%,7,1.6%,55,12.6%,64,374,0,14.6%,85.4%,0.0%,63,69,402,17.2%
132105,919,2007,State-funded primary,225,107,118,47.6%,52.4%,13,5.8%,40,17.8%,74,151,0,32.9%,67.1%,0.0%,80,82,225,36.4%
133323,919,2026,State-funded primary,239,99,140,41.4%,58.6%,6,2.5%,52,21.8%,28,211,0,11.7%,88.3%,0.0%,98,100,213,46.9%
133488,919,2027,State-funded primary,422,226,196,53.6%,46.4%,12,2.8%,111,26.3%,38,383,1,9.0%,90.8%,0.2%,135,136,392,34.7%
133773,919,3978,State-funded primary,359,187,172,52.1%,47.9%,11,3.1%,30,8.4%,73,286,0,20.3%,79.7%,0.0%,89,91,359,25.3%
133975,919,1028,State-funded nursery,73,34,39,46.6%,53.4%,0,0.0%,12,16.4%,13,60,0,17.8%,82.2%,0.0%,0,0,0,0.0%
134087,919,6243,Independent school,79,51,28,64.6%,35.4%,10,12.7%,7,8.9%,NA,NA,NA,NA,NA,NA,NA,NA,NA,NA
135083,919,3983,State-funded primary,227,120,107,52.9%,47.1%,7,3.1%,41,18.1%,44,182,1,19.4%,80.2%,0.4%,66,68,211,32.2%
135084,919,3984,State-funded primary,226,96,130,42.5%,57.5%,2,0.9%,23,10.2%,19,207,0,8.4%,91.6%,0.0%,42,45,203,22.2%
135221,919,3987,State-funded primary,220,109,111,49.5%,50.5%,3,1.4%,64,29.1%,60,160,0,27.3%,72.7%,0.0%,52,53,202,26.2%
135222,919,3988,State-funded primary,361,175,186,48.5%,51.5%,9,2.5%,55,15.2%,106,255,0,29.4%,70.6%,0.0%,145,149,342,43.6%
135223,919,3989,State-funded primary,430,207,223,48.1%,51.9%,14,3.3%,41,9.5%,178,252,0,41.4%,58.6%,0.0%,123,126,406,31.0%
135224,919,3990,State-funded primary,433,206,227,47.6%,52.4%,11,2.5%,96,22.2%,85,348,0,19.6%,80.4%,0.0%,117,120,404,29.7%
135528,919,3992,State-funded primary,390,183,207,46.9%,53.1%,7,1.8%,32,8.2%,59,331,0,15.1%,84.9%,0.0%,33,34,364,9.3%
135596,919,6261,Independent school,61,30,31,49.2%,50.8%,0,0.0%,2,3.3%,NA,NA,NA,NA,NA,NA,NA,NA,NA,NA
135876,919,6905,State-funded secondary,1123,557,566,49.6%,50.4%,20,1.8%,152,13.5%,131,987,5,11.7%,87.9%,0.4%,319,337,1025,32.9%
135890,919,1109,State-funded AP school,16,5,11,31.3%,68.8%,2,12.5%,8,50.0%,1,15,0,6.3%,93.8%,0.0%,8,10,16,62.5%
136276,919,5401,State-funded secondary,1533,0,1533,0.0%,100.0%,53,3.5%,99,6.5%,295,1229,9,19.2%,80.2%,0.6%,65,75,1124,6.7%
136289,919,5403,State-funded secondary,1451,1451,0,100.0%,0.0%,7,0.5%,65,4.5%,510,928,13,35.1%,64.0%,0.9%,78,73,1048,7.0%
136396,919,4101,State-funded secondary,1332,679,653,51.0%,49.0%,19,1.4%,99,7.4%,160,1172,0,12.0%,88.0%,0.0%,129,136,1102,12.3%
136482,919,5427,State-funded secondary,925,460,465,49.7%,50.3%,41,4.4%,94,10.2%,74,851,0,8.0%,92.0%,0.0%,27,38,701,5.4%
136554,919,5407,State-funded secondary,1449,729,720,50.3%,49.7%,29,2.0%,138,9.5%,97,1352,0,6.7%,93.3%,0.0%,45,42,1005,4.2%
136606,919,5400,State-funded secondary,1511,782,729,51.8%,48.2%,10,0.7%,80,5.3%,422,1059,30,27.9%,70.1%,2.0%,83,93,1216,7.6%
136607,919,5426,State-funded secondary,1203,560,643,46.6%,53.4%,18,1.5%,93,7.7%,105,1085,13,8.7%,90.2%,1.1%,165,188,1022,18.4%
136608,919,4016,State-funded secondary,1429,696,733,48.7%,51.3%,14,1.0%,189,13.2%,74,1292,63,5.2%,90.4%,4.4%,199,202,1031,19.6%
136609,919,4197,State-funded secondary,1712,777,935,45.4%,54.6%,22,1.3%,392,22.9%,189,1504,19,11.0%,87.9%,1.1%,120,106,1211,8.8%
136857,919,2003,State-funded primary,414,184,230,44.4%,55.6%,4,1.0%,32,7.7%,28,385,1,6.8%,93.0%,0.2%,30,32,395,8.1%
136877,919,5410,State-funded secondary,1690,807,883,47.8%,52.2%,18,1.1%,171,10.1%,322,1358,10,19.1%,80.4%,0.6%,152,152,1342,11.3%
136899,919,5404,State-funded secondary,1430,668,762,46.7%,53.3%,36,2.5%,116,8.1%,288,1140,2,20.1%,79.7%,0.1%,75,80,1057,7.6%
136901,919,5421,State-funded secondary,1586,785,801,49.5%,50.5%,21,1.3%,204,12.9%,166,1420,0,10.5%,89.5%,0.0%,69,61,1198,5.1%
136922,919,4802,State-funded secondary,1071,488,583,45.6%,54.4%,34,3.2%,81,7.6%,28,1042,1,2.6%,97.3%,0.1%,42,48,816,5.9%
136973,919,4070,State-funded secondary,1358,643,715,47.3%,52.7%,22,1.6%,32,2.4%,91,1266,1,6.7%,93.2%,0.1%,61,58,1013,5.7%
137002,919,4141,State-funded secondary,991,473,518,47.7%,52.3%,18,1.8%,168,17.0%,20,968,3,2.0%,97.7%,0.3%,75,74,735,10.1%
137038,919,4011,State-funded secondary,1066,26,1040,2.4%,97.6%,14,1.3%,155,14.5%,200,860,6,18.8%,80.7%,0.6%,111,114,845,13.5%
137090,919,4498,State-funded secondary,1365,644,721,47.2%,52.8%,41,3.0%,210,15.4%,58,1305,2,4.2%,95.6%,0.1%,199,212,1179,18.0%
137110,919,4080,State-funded secondary,1405,664,741,47.3%,52.7%,50,3.6%,334,23.8%,149,1250,6,10.6%,89.0%,0.4%,265,279,1198,23.3%
137156,919,5416,State-funded secondary,1478,742,734,50.2%,49.7%,21,1.4%,147,9.9%,93,1385,0,6.3%,93.7%,0.0%,126,146,1193,12.2%
137224,919,5411,State-funded secondary,507,236,271,46.5%,53.5%,17,3.4%,96,18.9%,78,428,1,15.4%,84.4%,0.2%,106,119,432,27.5%
137238,919,2337,State-funded primary,384,190,194,49.5%,50.5%,9,2.3%,104,27.1%,123,261,0,32.0%,68.0%,0.0%,96,104,373,27.9%
137270,919,4028,State-funded secondary,1342,612,730,45.6%,54.4%,19,1.4%,170,12.7%,133,1195,14,9.9%,89.0%,1.0%,98,98,999,9.8%
137288,919,4009,State-funded secondary,1368,1368,0,100.0%,0.0%,14,1.0%,140,10.2%,165,1173,30,12.1%,85.7%,2.2%,92,85,1044,8.1%
137339,919,4083,State-funded secondary,1419,1418,1,99.9%,0.1%,11,0.8%,195,13.7%,288,1128,3,20.3%,79.5%,0.2%,133,131,1164,11.3%
137351,919,3986,State-funded primary,443,211,232,47.6%,52.4%,9,2.0%,22,5.0%,68,375,0,15.3%,84.7%,0.0%,38,38,408,9.3%
137532,919,5415,State-funded secondary,1543,780,763,50.6%,49.4%,22,1.4%,80,5.2%,255,1287,1,16.5%,83.4%,0.1%,182,186,1200,15.5%
137637,919,4200,State-funded secondary,1418,650,768,45.8%,54.2%,32,2.3%,112,7.9%,155,1263,0,10.9%,89.1%,0.0%,172,194,1194,16.2%
137656,919,4140,State-funded secondary,1004,497,507,49.5%,50.5%,10,1.0%,200,19.9%,50,954,0,5.0%,95.0%,0.0%,163,191,983,19.4%
137757,919,4099,State-funded secondary,943,938,5,99.5%,0.5%,12,1.3%,79,8.4%,207,735,1,22.0%,77.9%,0.1%,115,117,746,15.7%
137847,919,4014,State-funded secondary,1123,520,603,46.3%,53.7%,29,2.6%,167,14.9%,177,945,1,15.8%,84.1%,0.1%,193,203,971,20.9%
137861,919,5208,State-funded primary,305,151,154,49.5%,50.5%,9,3.0%,68,22.3%,97,208,0,31.8%,68.2%,0.0%,101,105,278,37.8%
137872,919,5408,State-funded secondary,1226,543,683,44.3%,55.7%,105,8.6%,197,16.1%,229,977,20,18.7%,79.7%,1.6%,174,187,971,19.3%
137895,919,5413,State-funded secondary,1615,782,833,48.4%,51.6%,40,2.5%,139,8.6%,415,1191,9,25.7%,73.7%,0.6%,101,93,1212,7.7%
137914,919,5418,State-funded secondary,1229,592,637,48.2%,51.8%,15,1.2%,146,11.9%,193,1010,26,15.7%,82.2%,2.1%,84,85,1053,8.1%
137922,919,5417,State-funded secondary,1127,529,598,46.9%,53.1%,17,1.5%,114,10.1%,87,1040,0,7.7%,92.3%,0.0%,122,120,904,13.3%
137938,919,5412,State-funded secondary,1037,426,611,41.1%,58.9%,29,2.8%,113,10.9%,308,728,1,29.7%,70.2%,0.1%,115,120,911,13.2%
137943,919,2454,State-funded primary,454,228,226,50.2%,49.8%,14,3.1%,40,8.8%,86,368,0,18.9%,81.1%,0.0%,46,48,417,11.5%
137985,919,4013,State-funded secondary,1162,1132,30,97.4%,2.6%,10,0.9%,42,3.6%,80,1082,0,6.9%,93.1%,0.0%,79,87,895,9.7%
137997,919,7041,State-funded special school,125,25,100,20.0%,80.0%,125,100.0%,0,0.0%,16,109,0,12.8%,87.2%,0.0%,46,54,125,43.2%
138042,919,5414,State-funded secondary,1290,601,688,46.6%,53.3%,26,2.0%,184,14.3%,133,1156,1,10.3%,89.6%,0.1%,202,208,1087,19.1%
138106,919,4620,State-funded secondary,962,958,4,99.6%,0.4%,6,0.6%,99,10.3%,269,692,1,28.0%,71.9%,0.1%,103,113,795,14.2%
138201,919,2004,State-funded primary,416,195,221,46.9%,53.1%,10,2.4%,41,9.9%,184,232,0,44.2%,55.8%,0.0%,102,104,416,25.0%
138205,919,2093,State-funded primary,358,175,183,48.9%,51.1%,5,1.4%,41,11.5%,73,284,1,20.4%,79.3%,0.3%,30,31,358,8.7%
138206,919,2094,State-funded primary,314,149,165,47.5%,52.5%,3,1.0%,23,7.3%,63,251,0,20.1%,79.9%,0.0%,14,14,269,5.2%
138215,919,5206,State-funded primary,232,101,131,43.5%,56.5%,10,4.3%,27,11.6%,36,195,1,15.5%,84.1%,0.4%,23,25,208,12.0%
138231,919,2028,State-funded primary,394,206,188,52.3%,47.7%,5,1.3%,31,7.9%,114,279,1,28.9%,70.8%,0.3%,43,44,394,11.2%
138286,919,4043,State-funded secondary,1543,717,826,46.5%,53.5%,33,2.1%,296,19.2%,189,1336,18,12.2%,86.6%,1.2%,91,79,1090,7.2%
138288,919,5211,State-funded primary,269,129,140,48.0%,52.0%,5,1.9%,37,13.8%,86,183,0,32.0%,68.0%,0.0%,29,29,269,10.8%
138292,919,5200,State-funded primary,231,105,126,45.5%,54.5%,8,3.5%,30,13.0%,52,178,1,22.5%,77.1%,0.4%,16,17,205,8.3%
138316,919,3413,State-funded primary,166,83,83,50.0%,50.0%,4,2.4%,20,12.0%,21,145,0,12.7%,87.3%,0.0%,32,35,166,21.1%
138322,919,3399,State-funded primary,160,78,82,48.8%,51.3%,1,0.6%,18,11.3%,27,133,0,16.9%,83.1%,0.0%,20,28,160,17.5%
138352,919,4504,State-funded secondary,1540,798,742,51.8%,48.2%,25,1.6%,166,10.8%,30,1510,0,1.9%,98.1%,0.0%,102,103,1200,8.6%
138354,919,3400,State-funded primary,224,119,105,53.1%,46.9%,2,0.9%,18,8.0%,62,162,0,27.7%,72.3%,0.0%,9,9,210,4.3%
138356,919,4614,State-funded secondary,1369,714,655,52.2%,47.8%,20,1.5%,154,11.2%,279,1087,3,20.4%,79.4%,0.2%,46,36,981,3.7%
138360,919,5423,State-funded secondary,1092,557,535,51.0%,49.0%,20,1.8%,138,12.6%,325,757,10,29.8%,69.3%,0.9%,267,292,918,31.8%
138389,919,2029,State-funded primary,203,92,111,45.3%,54.7%,4,2.0%,42,20.7%,15,188,0,7.4%,92.6%,0.0%,97,99,190,52.1%
138484,919,4117,State-funded secondary,423,236,187,55.8%,44.2%,12,2.8%,105,24.8%,42,381,0,9.9%,90.1%,0.0%,104,116,413,28.1%
138485,919,7007,State-funded special school,65,23,42,35.4%,64.6%,65,100.0%,0,0.0%,18,47,0,27.7%,72.3%,0.0%,14,14,57,24.6%
138507,919,2035,State-funded primary,524,280,244,53.4%,46.6%,11,2.1%,60,11.5%,211,313,0,40.3%,59.7%,0.0%,161,167,469,35.6%
138539,919,2009,State-funded primary,458,238,220,52.0%,48.0%,7,1.5%,39,8.5%,61,394,3,13.3%,86.0%,0.7%,25,27,416,6.5%
138582,919,4003,State-funded secondary,1508,697,811,46.2%,53.8%,27,1.8%,184,12.2%,229,1272,7,15.2%,84.4%,0.5%,233,235,1359,17.3%
138632,919,4118,State-funded secondary,1394,614,780,44.0%,56.0%,32,2.3%,166,11.9%,132,1241,21,9.5%,89.0%,1.5%,188,195,1138,17.1%
138747,919,4001,State-funded secondary,1216,567,649,46.6%,53.4%,15,1.2%,114,9.4%,371,845,0,30.5%,69.5%,0.0%,324,343,1058,32.4%
139036,919,4096,State-funded secondary,1100,513,587,46.6%,53.4%,22,2.0%,142,12.9%,62,1038,0,5.6%,94.4%,0.0%,134,137,942,14.5%
139154,919,4008,State-funded secondary,1307,1,1306,0.1%,99.9%,20,1.5%,211,16.1%,123,1178,6,9.4%,90.1%,0.5%,84,99,1048,9.4%
139159,919,2099,State-funded primary,429,235,194,54.8%,45.2%,11,2.6%,68,15.9%,158,271,0,36.8%,63.2%,0.0%,93,101,403,25.1%
139197,919,1106,State-funded AP school,0,0,0,0.0%,0.0%,0,0.0%,0,0.0%,0,0,0,0.0%,0.0%,0.0%,0,0,0,0.0%
139416,919,4004,State-funded secondary,474,323,151,68.1%,31.9%,11,2.3%,129,27.2%,29,445,0,6.1%,93.9%,0.0%,83,51,196,26.0%
139507,919,5201,State-funded primary,231,112,119,48.5%,51.5%,6,2.6%,22,9.5%,7,224,0,3.0%,97.0%,0.0%,7,7,212,3.3%
139545,919,2001,State-funded primary,485,228,257,47.0%,53.0%,10,2.1%,33,6.8%,48,437,0,9.9%,90.1%,0.0%,91,92,420,21.9%
139550,919,2036,State-funded primary,152,77,75,50.7%,49.3%,10,6.6%,42,27.6%,29,122,1,19.1%,80.3%,0.7%,61,62,152,40.8%
139662,919,4007,State-funded secondary,734,371,363,50.5%,49.5%,26,3.5%,132,18.0%,146,588,0,19.9%,80.1%,0.0%,129,125,639,19.6%
139873,919,4006,State-funded secondary,1227,74,1153,6.0%,94.0%,14,1.1%,167,13.6%,59,1165,3,4.8%,94.9%,0.2%,80,73,888,8.2%
140037,919,4017,State-funded secondary,973,483,490,49.6%,50.4%,31,3.2%,176,18.1%,97,861,15,10.0%,88.5%,1.5%,165,176,882,20.0%
140049,919,4111,State-funded secondary,1319,634,685,48.1%,51.9%,23,1.7%,171,13.0%,595,720,4,45.1%,54.6%,0.3%,271,278,1110,25.0%
140238,919,3406,State-funded primary,211,98,113,46.4%,53.6%,4,1.9%,29,13.7%,73,138,0,34.6%,65.4%,0.0%,39,40,211,19.0%
140249,919,4146,State-funded secondary,348,160,188,46.0%,54.0%,8,2.3%,45,12.9%,16,329,3,4.6%,94.5%,0.9%,39,47,348,13.5%
140294,919,4067,State-funded secondary,1597,768,829,48.1%,51.9%,50,3.1%,147,9.2%,76,1518,3,4.8%,95.1%,0.2%,151,145,1324,11.0%
140611,919,2038,State-funded primary,257,133,124,51.8%,48.2%,6,2.3%,46,17.9%,50,207,0,19.5%,80.5%,0.0%,38,42,257,16.3%
140655,919,6053,Independent school,33,11,22,33.3%,66.7%,33,100.0%,0,0.0%,NA,NA,NA,NA,NA,NA,NA,NA,NA,NA
140707,919,2390,State-funded primary,180,84,96,46.7%,53.3%,3,1.7%,4,2.2%,12,168,0,6.7%,93.3%,0.0%,1,1,180,0.6%
140708,919,2344,State-funded primary,255,110,145,43.1%,56.9%,6,2.4%,20,7.8%,30,225,0,11.8%,88.2%,0.0%,4,6,255,2.4%
140786,919,5420,State-funded secondary,1483,1298,185,87.5%,12.5%,12,0.8%,97,6.5%,180,1303,0,12.1%,87.9%,0.0%,67,56,926,6.0%
140954,919,2049,State-funded primary,342,166,176,48.5%,51.5%,7,2.0%,18,5.3%,151,191,0,44.2%,55.8%,0.0%,42,50,342,14.6%
140955,919,2042,State-funded primary,385,190,195,49.4%,50.6%,7,1.8%,45,11.7%,81,304,0,21.0%,79.0%,0.0%,66,67,385,17.4%
140956,919,2043,State-funded primary,380,173,207,45.5%,54.5%,12,3.2%,31,8.2%,184,196,0,48.4%,51.6%,0.0%,65,67,380,17.6%
141004,919,4021,State-funded secondary,54,20,34,37.0%,63.0%,1,1.9%,1,1.9%,12,42,0,22.2%,77.8%,0.0%,13,12,39,30.8%
141251,919,7004,State-funded special school,204,62,142,30.4%,69.6%,204,100.0%,0,0.0%,10,194,0,4.9%,95.1%,0.0%,78,89,204,43.6%
141851,919,3979,State-funded primary,452,216,236,47.8%,52.2%,10,2.2%,58,12.8%,125,327,0,27.7%,72.3%,0.0%,55,58,416,13.9%
141898,919,5212,State-funded primary,228,114,114,50.0%,50.0%,3,1.3%,31,13.6%,47,181,0,20.6%,79.4%,0.0%,49,58,228,25.4%
142051,919,4022,State-funded secondary,868,422,446,48.6%,51.4%,21,2.4%,77,8.9%,158,688,22,18.2%,79.3%,2.5%,229,232,724,32.0%
142221,919,2051,State-funded primary,346,194,152,56.1%,43.9%,3,0.9%,30,8.7%,145,201,0,41.9%,58.1%,0.0%,34,37,346,10.7%
142257,919,7014,State-funded special school,78,0,78,0.0%,100.0%,78,100.0%,0,0.0%,1,77,0,1.3%,98.7%,0.0%,45,50,78,64.1%
142862,919,2054,State-funded primary,422,213,209,50.5%,49.5%,5,1.2%,49,11.6%,14,408,0,3.3%,96.7%,0.0%,12,12,422,2.8%
143131,919,4024,State-funded secondary,707,350,357,49.5%,50.5%,24,3.4%,106,15.0%,65,641,1,9.2%,90.7%,0.1%,154,160,632,25.3%
143409,919,2429,State-funded primary,297,139,158,46.8%,53.2%,5,1.7%,52,17.5%,18,279,0,6.1%,93.9%,0.0%,53,54,297,18.2%
143410,919,2384,State-funded primary,438,202,236,46.1%,53.9%,10,2.3%,87,19.9%,17,421,0,3.9%,96.1%,0.0%,47,52,419,12.4%
143603,919,2398,State-funded primary,463,232,231,50.1%,49.9%,10,2.2%,55,11.9%,325,138,0,70.2%,29.8%,0.0%,67,68,405,16.8%
143604,919,7034,State-funded special school,93,9,84,9.7%,90.3%,91,97.8%,2,2.2%,2,90,1,2.2%,96.8%,1.1%,57,60,93,64.5%
143648,919,2060,State-funded primary,213,117,96,54.9%,45.1%,2,0.9%,33,15.5%,38,174,1,17.8%,81.7%,0.5%,11,11,213,5.2%
143785,919,2110,State-funded primary,679,337,342,49.6%,50.4%,22,3.2%,183,27.0%,183,496,0,27.0%,73.0%,0.0%,211,211,613,34.4%
143786,919,2235,State-funded primary,498,231,267,46.4%,53.6%,9,1.8%,91,18.3%,82,416,0,16.5%,83.5%,0.0%,86,91,409,22.2%
143856,919,2063,State-funded primary,311,147,164,47.3%,52.7%,13,4.2%,21,6.8%,78,233,0,25.1%,74.9%,0.0%,98,100,291,34.4%
144402,919,4025,State-funded secondary,993,513,480,51.7%,48.3%,31,3.1%,135,13.6%,234,758,1,23.6%,76.3%,0.1%,108,124,899,13.8%
144419,919,2024,State-funded primary,458,233,225,50.9%,49.1%,19,4.1%,107,23.4%,74,384,0,16.2%,83.8%,0.0%,88,91,412,22.1%
144623,919,4026,State-funded secondary,814,399,415,49.0%,51.0%,22,2.7%,140,17.2%,108,706,0,13.3%,86.7%,0.0%,191,208,738,28.2%
144726,919,6008,Independent school,37,37,0,100.0%,0.0%,1,2.7%,36,97.3%,NA,NA,NA,NA,NA,NA,NA,NA,NA,NA
144903,919,2067,State-funded primary,269,128,141,47.6%,52.4%,5,1.9%,56,20.8%,36,233,0,13.4%,86.6%,0.0%,106,113,269,42.0%
144904,919,2068,State-funded primary,197,98,99,49.7%,50.3%,3,1.5%,45,22.8%,17,180,0,8.6%,91.4%,0.0%,56,62,197,31.5%
144905,919,2135,State-funded primary,262,132,130,50.4%,49.6%,18,6.9%,41,15.6%,93,169,0,35.5%,64.5%,0.0%,55,61,206,29.6%
144906,919,2137,State-funded primary,367,200,167,54.5%,45.5%,19,5.2%,64,17.4%,171,196,0,46.6%,53.4%,0.0%,103,105,341,30.8%
144907,919,3981,State-funded primary,240,116,124,48.3%,51.7%,7,2.9%,35,14.6%,73,167,0,30.4%,69.6%,0.0%,49,52,210,24.8%
144908,919,2385,State-funded primary,275,138,137,50.2%,49.8%,1,0.4%,31,11.3%,68,207,0,24.7%,75.3%,0.0%,23,25,275,9.1%
144909,919,3991,State-funded primary,395,196,199,49.6%,50.4%,10,2.5%,83,21.0%,97,298,0,24.6%,75.4%,0.0%,114,117,379,30.9%
144959,919,2071,State-funded primary,91,41,50,45.1%,54.9%,7,7.7%,25,27.5%,6,85,0,6.6%,93.4%,0.0%,27,31,87,35.6%
144960,919,2080,State-funded primary,451,229,222,50.8%,49.2%,18,4.0%,28,6.2%,42,409,0,9.3%,90.7%,0.0%,21,22,420,5.2%
145255,919,2436,State-funded primary,457,209,248,45.7%,54.3%,4,0.9%,27,5.9%,21,434,2,4.6%,95.0%,0.4%,35,37,412,9.0%
145256,919,2372,State-funded primary,201,95,106,47.3%,52.7%,3,1.5%,24,11.9%,30,171,0,14.9%,85.1%,0.0%,17,18,201,9.0%
145257,919,2296,State-funded primary,178,87,91,48.9%,51.1%,9,5.1%,25,14.0%,35,143,0,19.7%,80.3%,0.0%,55,55,165,33.3%
145297,919,5425,State-funded secondary,603,317,286,52.6%,47.4%,27,4.5%,125,20.7%,118,484,1,19.6%,80.3%,0.2%,157,181,603,30.0%
145350,919,2020,State-funded primary,399,197,202,49.4%,50.6%,14,3.5%,56,14.0%,217,182,0,54.4%,45.6%,0.0%,81,82,360,22.8%
145351,919,2156,State-funded primary,432,215,217,49.8%,50.2%,10,2.3%,44,10.2%,201,231,0,46.5%,53.5%,0.0%,92,95,395,24.1%
145352,919,2115,State-funded primary,442,198,244,44.8%,55.2%,10,2.3%,49,11.1%,247,195,0,55.9%,44.1%,0.0%,75,79,413,19.1%
145353,919,2432,State-funded primary,444,211,233,47.5%,52.5%,14,3.2%,59,13.3%,224,220,0,50.5%,49.5%,0.0%,71,73,406,18.0%
145409,919,2081,State-funded primary,292,131,161,44.9%,55.1%,3,1.0%,45,15.4%,29,263,0,9.9%,90.1%,0.0%,71,71,292,24.3%
145430,919,4032,State-funded secondary,709,355,354,50.1%,49.9%,23,3.2%,184,26.0%,89,618,2,12.6%,87.2%,0.3%,242,252,662,38.1%
145487,919,2086,State-funded primary,168,76,92,45.2%,54.8%,4,2.4%,18,10.7%,24,144,0,14.3%,85.7%,0.0%,58,64,154,41.6%
145890,919,4030,State-funded secondary,744,307,437,41.3%,58.7%,28,3.8%,94,12.6%,42,702,0,5.6%,94.4%,0.0%,112,125,744,16.8%
145962,919,6009,Independent school,13,13,0,100.0%,0.0%,2,15.4%,11,84.6%,NA,NA,NA,NA,NA,NA,NA,NA,NA,NA
145969,919,2444,State-funded primary,270,141,129,52.2%,47.8%,5,1.9%,31,11.5%,52,218,0,19.3%,80.7%,0.0%,44,45,259,17.4%
146123,919,2130,State-funded primary,436,219,217,50.2%,49.8%,8,1.8%,33,7.6%,101,335,0,23.2%,76.8%,0.0%,34,35,417,8.4%
146305,919,4031,State-funded secondary,904,436,468,48.2%,51.8%,34,3.8%,193,21.3%,56,842,6,6.2%,93.1%,0.7%,233,256,844,30.3%
146359,919,2088,State-funded primary,113,44,69,38.9%,61.1%,3,2.7%,20,17.7%,19,94,0,16.8%,83.2%,0.0%,56,57,104,54.8%
146440,919,4033,State-funded secondary,754,374,380,49.6%,50.4%,8,1.1%,116,15.4%,132,622,0,17.5%,82.5%,0.0%,244,262,712,36.8%
146723,919,3037,State-funded primary,159,83,76,52.2%,47.8%,1,0.6%,8,5.0%,4,155,0,2.5%,97.5%,0.0%,18,22,159,13.8%
146859,919,3398,State-funded primary,188,91,97,48.4%,51.6%,2,1.1%,29,15.4%,19,167,2,10.1%,88.8%,1.1%,25,25,188,13.3%
146878,919,2206,State-funded primary,358,164,194,45.8%,54.2%,9,2.5%,51,14.2%,45,313,0,12.6%,87.4%,0.0%,20,21,358,5.9%
146893,919,2311,State-funded primary,328,174,154,53.0%,47.0%,9,2.7%,54,16.5%,64,264,0,19.5%,80.5%,0.0%,10,10,270,3.7%
146903,919,3985,State-funded primary,452,206,246,45.6%,54.4%,5,1.1%,32,7.1%,62,390,0,13.7%,86.3%,0.0%,21,25,422,5.9%
146922,919,3410,State-funded primary,204,100,104,49.0%,51.0%,0,0.0%,25,12.3%,14,190,0,6.9%,93.1%,0.0%,19,24,204,11.8%
147008,919,2089,State-funded primary,188,91,97,48.4%,51.6%,4,2.1%,33,17.6%,21,167,0,11.2%,88.8%,0.0%,33,33,166,19.9%
147246,919,5419,State-funded secondary,1218,526,692,43.2%,56.8%,21,1.7%,159,13.1%,204,1006,8,16.7%,82.6%,0.7%,154,157,1010,15.5%
147283,919,2092,State-funded primary,418,213,205,51.0%,49.0%,8,1.9%,25,6.0%,19,398,1,4.5%,95.2%,0.2%,9,9,394,2.3%
147451,919,1112,State-funded AP school,13,3,10,23.1%,76.9%,0,0.0%,13,100.0%,0,13,0,0.0%,100.0%,0.0%,9,10,13,76.9%
147535,919,4035,State-funded secondary,824,346,478,42.0%,58.0%,26,3.2%,138,16.7%,230,580,14,27.9%,70.4%,1.7%,238,252,738,34.1%
147679,919,7003,State-funded special school,69,0,69,0.0%,100.0%,69,100.0%,0,0.0%,0,69,0,0.0%,100.0%,0.0%,46,47,69,68.1%
147785,919,4036,State-funded secondary,984,493,491,50.1%,49.9%,14,1.4%,85,8.6%,240,734,10,24.4%,74.6%,1.0%,234,238,842,28.3%
147818,919,3003,State-funded primary,215,98,117,45.6%,54.4%,3,1.4%,10,4.7%,29,185,1,13.5%,86.0%,0.5%,26,26,177,14.7%
147834,919,2097,State-funded primary,148,74,74,50.0%,50.0%,2,1.4%,11,7.4%,51,97,0,34.5%,65.5%,0.0%,32,32,148,21.6%
147879,919,2401,State-funded primary,223,106,117,47.5%,52.5%,5,2.2%,28,12.6%,25,198,0,11.2%,88.8%,0.0%,32,34,203,16.7%
148040,919,2112,State-funded primary,453,221,232,48.8%,51.2%,8,1.8%,76,16.8%,172,280,1,38.0%,61.8%,0.2%,148,152,410,37.1%
148363,919,1110,State-funded AP school,39,22,17,56.4%,43.6%,39,100.0%,0,0.0%,1,38,0,2.6%,97.4%,0.0%,7,6,33,18.2%
148434,919,2095,State-funded primary,567,286,281,50.4%,49.6%,7,1.2%,87,15.3%,129,438,0,22.8%,77.2%,0.0%,61,64,567,11.3%
148472,919,6018,Independent school,12,2,10,16.7%,83.3%,12,100.0%,0,0.0%,NA,NA,NA,NA,NA,NA,NA,NA,NA,NA
148491,919,3318,State-funded primary,428,207,221,48.4%,51.6%,5,1.2%,32,7.5%,78,350,0,18.2%,81.8%,0.0%,21,21,398,5.3%
148492,919,3327,State-funded primary,205,123,82,60.0%,40.0%,8,3.9%,21,10.2%,41,164,0,20.0%,80.0%,0.0%,12,13,191,6.8%
148493,919,3341,State-funded primary,218,109,109,50.0%,50.0%,9,4.1%,23,10.6%,12,206,0,5.5%,94.5%,0.0%,14,14,200,7.0%
148494,919,3345,State-funded primary,235,116,119,49.4%,50.6%,3,1.3%,27,11.5%,40,195,0,17.0%,83.0%,0.0%,17,17,203,8.4%
148495,919,3367,State-funded primary,118,53,65,44.9%,55.1%,6,5.1%,12,10.2%,14,104,0,11.9%,88.1%,0.0%,12,12,104,11.5%
148496,919,3408,State-funded primary,209,101,108,48.3%,51.7%,3,1.4%,22,10.5%,31,178,0,14.8%,85.2%,0.0%,11,11,209,5.3%
148498,919,3424,State-funded primary,199,110,89,55.3%,44.7%,5,2.5%,28,14.1%,38,161,0,19.1%,80.9%,0.0%,21,22,199,11.1%
148499,919,5422,State-funded secondary,1158,576,582,49.7%,50.3%,10,0.9%,71,6.1%,250,906,2,21.6%,78.2%,0.2%,63,77,951,8.1%
148710,919,2343,State-funded primary,208,98,110,47.1%,52.9%,11,5.3%,35,16.8%,8,200,0,3.8%,96.2%,0.0%,60,61,196,31.1%
148875,919,2258,State-funded primary,243,122,121,50.2%,49.8%,2,0.8%,13,5.3%,45,198,0,18.5%,81.5%,0.0%,5,5,214,2.3%
148989,919,2140,State-funded primary,194,93,101,47.9%,52.1%,8,4.1%,41,21.1%,34,160,0,17.5%,82.5%,0.0%,71,72,194,37.1%
148990,919,3403,State-funded primary,162,84,78,51.9%,48.1%,7,4.3%,13,8.0%,49,113,0,30.2%,69.8%,0.0%,20,20,162,12.3%
149078,919,4037,State-funded secondary,107,57,50,53.3%,46.7%,4,3.7%,15,14.0%,13,94,0,12.1%,87.9%,0.0%,13,20,107,18.7%
149206,919,2365,State-funded primary,470,223,247,47.4%,52.6%,16,3.4%,44,9.4%,51,419,0,10.9%,89.1%,0.0%,30,33,415,8.0%
149330,919,2113,State-funded primary,661,337,324,51.0%,49.0%,6,0.9%,72,10.9%,58,603,0,8.8%,91.2%,0.0%,86,92,563,16.3%
149333,919,2118,State-funded primary,220,110,110,50.0%,50.0%,5,2.3%,40,18.2%,32,188,0,14.5%,85.5%,0.0%,62,64,196,32.7%
LA,State-funded primary,PRI,919,103889,50963,52926,49.1%,50.9%,2389,2.3%,13530,13.0%,20396,83374,119,19.6%,80.3%,0.1%,15827,16499,96955,17.0%
LA,State-funded secondary,SEC,919,93741,46731,47007,49.9%,50.1%,1928,2.1%,11679,12.5%,13239,80023,479,14.1%,85.4%,0.5%,12025,12486,76228,16.4%
LA,Special school,SPE,919,2847,804,2043,28.2%,71.8%,2840,99.8%,7,0.2%,368,2477,2,12.9%,87.0%,0.1%,1138,1182,2709,43.6%
NAT,,PRI,State-funded primary,4647851,2282391,2365456,49.1%,50.9%,117757,2.5%,629184,13.5%,1022969,3611560,13322,22.0%,77.7%,0.3%,1115284,1131847,4376957,25.9%
NAT,,SEC,State-funded secondary,3630171,1802999,1827130,49.7%,50.3%,87219,2.4%,448967,12.4%,658504,2947993,23674,18.1%,81.2%,0.7%,823749,866486,3193601,27.1%
NAT,,SPE,Special school,152578,41859,110714,27.4%,72.6%,151325,99.2%,1184,0.8%,21978,130107,493,14.4%,85.3%,0.3%,69633,66893,133496,50.1%